INSERT INTO "Lugar"(lug_tipo,lug_nombre)VALUES('país','Venezuela');
INSERT INTO "Lugar"(lug_tipo,lug_nombre,fk_lugar)VALUES('estado','DTTO. CAPITAL',1),('estado','ANZOATEGUI',1),('estado','APURE',1),('estado','ARAGUA',1),('estado','BARINAS',1),('estado','BOLIVAR',1),('estado','CARABOBO',1),('estado','COJEDES',1),('estado','FALCON',1),('estado','GUARICO',1),('estado','LARA',1),('estado','MERIDA',1),('estado','MIRANDA',1),('estado','MONAGAS',1),('estado','NUEVA ESPARTA',1),('estado','PORTUGUESA',1),('estado','SUCRE',1),('estado','TACHIRA',1),('estado','TRUJILLO',1),('estado','YARACUY',1),('estado','ZULIA',1),('estado','AMAZONAS',1),('estado','DELTA AMACURO',1),('estado','VARGAS',1);
INSERT INTO "Lugar"(lug_tipo,lug_nombre,fk_lugar)VALUES('municipio','LIBERTADOR', 2),('municipio','ANACO', 3),('municipio','ARAGUA', 3),('municipio','BOLIVAR', 3),('municipio','BRUZUAL', 3),('municipio','CAJIGAL', 3),('municipio','FREITES', 3),('municipio','INDEPENDENCIA', 3),('municipio','LIBERTAD', 3),('municipio','MIRANDA', 3),('municipio','MONAGAS', 3),('municipio','PEÑALVER', 3),('municipio','SIMON RODRIGUEZ', 3),('municipio','SOTILLO', 3),('municipio','GUANIPA', 3),('municipio','GUANTA', 3),('municipio','PIRITU', 3),('municipio','M.L/DIEGO BAUTISTA U', 3),('municipio','CARVAJAL', 3),('municipio','SANTA ANA', 3),('municipio','MC GREGOR', 3),('municipio','S JUAN CAPISTRANO', 3),('municipio','ACHAGUAS', 4),('municipio','MUÑOZ', 4),('municipio','PAEZ', 4),('municipio','PEDRO CAMEJO', 4),('municipio','ROMULO GALLEGOS', 4),('municipio','SAN FERNANDO', 4),('municipio','BIRUACA', 4),('municipio','GIRARDOT', 5),('municipio','SANTIAGO MARIÑO', 5),('municipio','JOSE FELIX RIVAS', 5),('municipio','SAN CASIMIRO', 5),('municipio','SAN SEBASTIAN', 5),('municipio','SUCRE', 5),('municipio','URDANETA', 5),('municipio','ZAMORA', 5),('municipio','LIBERTADOR', 5),('municipio','JOSE ANGEL LAMAS', 5),('municipio','BOLIVAR', 5),('municipio','SANTOS MICHELENA', 5),('municipio','MARIO B IRAGORRY', 5),('municipio','TOVAR', 5),('municipio','CAMATAGUA', 5),('municipio','JOSE R REVENGA', 5),('municipio','FRANCISCO LINARES A.', 5),('municipio','M.OCUMARE D LA COSTA', 5),('municipio','ARISMENDI', 6),('municipio','BARINAS', 6),('municipio','BOLIVAR', 6),('municipio','EZEQUIEL ZAMORA', 6),('municipio','OBISPOS', 6),('municipio','PEDRAZA', 6),('municipio','ROJAS', 6),('municipio','SOSA', 6),('municipio','ALBERTO ARVELO T', 6),('municipio','A JOSE DE SUCRE', 6),('municipio','CRUZ PAREDES', 6),('municipio','ANDRES E. BLANCO', 6),('municipio','CARONI', 7),('municipio','CEDEÑO', 7),('municipio','HERES', 7),('municipio','PIAR', 7),('municipio','ROSCIO', 7),('municipio','SUCRE', 7),('municipio','SIFONTES', 7),('municipio','RAUL LEONI', 7),('municipio','GRAN SABANA', 7),('municipio','EL CALLAO', 7),('municipio','PADRE PEDRO CHIEN', 7),('municipio','BEJUMA', 8),('municipio','CARLOS ARVELO', 8),('municipio','DIEGO IBARRA', 8),('municipio','GUACARA', 8),('municipio','MONTALBAN', 8),('municipio','JUAN JOSE MORA', 8),('municipio','PUERTO CABELLO', 8),('municipio','SAN JOAQUIN', 8),('municipio','VALENCIA', 8),('municipio','MIRANDA', 8),('municipio','LOS GUAYOS', 8),('municipio','NAGUANAGUA', 8),('municipio','SAN DIEGO', 8),('municipio','LIBERTADOR', 8),('municipio','ANZOATEGUI', 9),('municipio','FALCON', 9),('municipio','GIRARDOT', 9),('municipio','MP PAO SN J BAUTISTA', 9),('municipio','RICAURTE', 9),('municipio','SAN CARLOS', 9),('municipio','TINACO', 9),('municipio','LIMA BLANCO', 9),('municipio','ROMULO GALLEGOS', 9),('municipio','ACOSTA', 10),('municipio','BOLIVAR', 10),('municipio','BUCHIVACOA', 10),('municipio','CARIRUBANA', 10),('municipio','COLINA', 10),('municipio','DEMOCRACIA', 10),('municipio','FALCON', 10),('municipio','FEDERACION', 10),('municipio','MAUROA', 10),('municipio','MIRANDA', 10),('municipio','PETIT', 10),('municipio','SILVA', 10),('municipio','ZAMORA', 10),('municipio','DABAJURO', 10),('municipio','MONS. ITURRIZA', 10),('municipio','LOS TAQUES', 10),('municipio','PIRITU', 10),('municipio','UNION', 10),('municipio','SAN FRANCISCO', 10),('municipio','JACURA', 10),('municipio','CACIQUE MANAURE', 10),('municipio','PALMA SOLA', 10),('municipio','SUCRE', 10),('municipio','URUMACO', 10),('municipio','TOCOPERO', 10),('municipio','INFANTE', 11),('municipio','MELLADO', 11),('municipio','MIRANDA', 11),('municipio','MONAGAS', 11),('municipio','RIBAS', 11),('municipio','ROSCIO', 11),('municipio','ZARAZA', 11),('municipio','CAMAGUAN', 11),('municipio','S JOSE DE GUARIBE', 11),('municipio','LAS MERCEDES', 11),('municipio','EL SOCORRO', 11),('municipio','ORTIZ', 11),('municipio','S MARIA DE IPIRE', 11),('municipio','CHAGUARAMAS', 11),('municipio','SAN GERONIMO DE G', 11),('municipio','CRESPO', 12),('municipio','IRIBARREN', 12),('municipio','JIMENEZ', 12),('municipio','MORAN', 12),('municipio','PALAVECINO', 12),('municipio','TORRES', 12),('municipio','URDANETA', 12),('municipio','ANDRES E BLANCO', 12),('municipio','SIMON PLANAS', 12),('municipio','ALBERTO ADRIANI', 13),('municipio','ANDRES BELLO', 13),('municipio','ARZOBISPO CHACON', 13),('municipio','CAMPO ELIAS', 13),('municipio','GUARAQUE', 13),('municipio','JULIO CESAR SALAS', 13),('municipio','JUSTO BRICEÑO', 13),('municipio','LIBERTADOR', 13),('municipio','SANTOS MARQUINA', 13),('municipio','MIRANDA', 13),('municipio','ANTONIO PINTO S.', 13),('municipio','OB. RAMOS DE LORA', 13),('municipio','CARACCIOLO PARRA', 13),('municipio','CARDENAL QUINTERO', 13),('municipio','PUEBLO LLANO', 13),('municipio','RANGEL', 13),('municipio','RIVAS DAVILA', 13),('municipio','SUCRE', 13),('municipio','TOVAR', 13),('municipio','TULIO F CORDERO', 13),('municipio','PADRE NOGUERA', 13),('municipio','ARICAGUA', 13),('municipio','ZEA', 13),('municipio','ACEVEDO', 14),('municipio','BRION', 14),('municipio','GUAICAIPURO', 14),('municipio','INDEPENDENCIA', 14),('municipio','LANDER', 14),('municipio','PAEZ', 14),('municipio','PAZ CASTILLO', 14),('municipio','PLAZA', 14),('municipio','SUCRE', 14),('municipio','URDANETA', 14),('municipio','ZAMORA', 14),('municipio','CRISTOBAL ROJAS', 14),('municipio','LOS SALIAS', 14),('municipio','ANDRES BELLO', 14),('municipio','SIMON BOLIVAR', 14),('municipio','BARUTA', 14),('municipio','CARRIZAL', 14),('municipio','CHACAO', 14),('municipio','EL HATILLO', 14),('municipio','BUROZ', 14),('municipio','PEDRO GUAL', 14),('municipio','ACOSTA', 15),('municipio','BOLIVAR', 15),('municipio','CARIPE', 15),('municipio','CEDEÑO', 15),('municipio','EZEQUIEL ZAMORA', 15),('municipio','LIBERTADOR', 15),('municipio','MATURIN', 15),('municipio','PIAR', 15),('municipio','PUNCERES', 15),('municipio','SOTILLO', 15),('municipio','AGUASAY', 15),('municipio','SANTA BARBARA', 15),('municipio','URACOA', 15),('municipio','ARISMENDI', 16),('municipio','DIAZ', 16),('municipio','GOMEZ', 16),('municipio','MANEIRO', 16),('municipio','MARCANO', 16),('municipio','MARIÑO', 16),('municipio','PENIN. DE MACANAO', 16),('municipio','VILLALBA(I.COCHE)', 16),('municipio','TUBORES', 16),('municipio','ANTOLIN DEL CAMPO', 16),('municipio','GARCIA', 16),('municipio','ARAURE', 17),('municipio','ESTELLER', 17),('municipio','GUANARE', 17),('municipio','GUANARITO', 17),('municipio','OSPINO', 17),('municipio','PAEZ', 17),('municipio','SUCRE', 17),('municipio','TUREN', 17),('municipio','M.JOSE V DE UNDA', 17),('municipio','AGUA BLANCA', 17),('municipio','PAPELON', 17),('municipio','GENARO BOCONOITO', 17),('municipio','S RAFAEL DE ONOTO', 17),('municipio','SANTA ROSALIA', 17),('municipio','ARISMENDI', 18),('municipio','BENITEZ', 18),('municipio','BERMUDEZ', 18),('municipio','CAJIGAL', 18),('municipio','MARIÑO', 18),('municipio','MEJIA', 18),('municipio','MONTES', 18),('municipio','RIBERO', 18),('municipio','SUCRE', 18),('municipio','VALDEZ', 18),('municipio','ANDRES E BLANCO', 18),('municipio','LIBERTADOR', 18),('municipio','ANDRES MATA', 18),('municipio','BOLIVAR', 18),('municipio','CRUZ S ACOSTA', 18),('municipio','AYACUCHO', 19),('municipio','BOLIVAR', 19),('municipio','INDEPENDENCIA', 19),('municipio','CARDENAS', 19),('municipio','JAUREGUI', 19),('municipio','JUNIN', 19),('municipio','LOBATERA', 19),('municipio','SAN CRISTOBAL', 19),('municipio','URIBANTE', 19),('municipio','CORDOBA', 19),('municipio','GARCIA DE HEVIA', 19),('municipio','GUASIMOS', 19),('municipio','MICHELENA', 19),('municipio','LIBERTADOR', 19),('municipio','PANAMERICANO', 19),('municipio','PEDRO MARIA UREÑA', 19),('municipio','SUCRE', 19),('municipio','ANDRES BELLO', 19),('municipio','FERNANDEZ FEO', 19),('municipio','LIBERTAD', 19),('municipio','SAMUEL MALDONADO', 19),('municipio','SEBORUCO', 19),('municipio','ANTONIO ROMULO C', 19),('municipio','FCO DE MIRANDA', 19),('municipio','JOSE MARIA VARGA', 19),('municipio','RAFAEL URDANETA', 19),('municipio','SIMON RODRIGUEZ', 19),('municipio','TORBES', 19),('municipio','SAN JUDAS TADEO', 19),('municipio','RAFAEL RANGEL', 20),('municipio','BOCONO', 20),('municipio','CARACHE', 20),('municipio','ESCUQUE', 20),('municipio','TRUJILLO', 20),('municipio','URDANETA', 20),('municipio','VALERA', 20),('municipio','CANDELARIA', 20),('municipio','MIRANDA', 20),('municipio','MONTE CARMELO', 20),('municipio','MOTATAN', 20),('municipio','PAMPAN', 20),('municipio','S RAFAEL CARVAJAL', 20),('municipio','SUCRE', 20),('municipio','ANDRES BELLO', 20),('municipio','BOLIVAR', 20),('municipio','JOSE F M CAÑIZAL', 20),('municipio','JUAN V CAMPO ELI', 20),('municipio','LA CEIBA', 20),('municipio','PAMPANITO', 20),('municipio','BOLIVAR', 21),('municipio','BRUZUAL', 21),('municipio','NIRGUA', 21),('municipio','SAN FELIPE', 21),('municipio','SUCRE', 21),('municipio','URACHICHE', 21),('municipio','PEÑA', 21),('municipio','JOSE ANTONIO PAEZ', 21),('municipio','LA TRINIDAD', 21),('municipio','COCOROTE', 21),('municipio','INDEPENDENCIA', 21),('municipio','ARISTIDES BASTID', 21),('municipio','MANUEL MONGE', 21),('municipio','VEROES', 21),('municipio','BARALT', 22),('municipio','SANTA RITA', 22),('municipio','COLON', 22),('municipio','MARA', 22),('municipio','MARACAIBO', 22),('municipio','MIRANDA', 22),('municipio','PAEZ', 22),('municipio','MACHIQUES DE P', 22),('municipio','SUCRE', 22),('municipio','LA CAÑADA DE U.', 22),('municipio','LAGUNILLAS', 22),('municipio','CATATUMBO', 22),('municipio','M/ROSARIO DE PERIJA', 22),('municipio','CABIMAS', 22),('municipio','VALMORE RODRIGUEZ', 22),('municipio','JESUS E LOSSADA', 22),('municipio','ALMIRANTE P', 22),('municipio','SAN FRANCISCO', 22),('municipio','JESUS M SEMPRUN', 22),('municipio','FRANCISCO J PULG', 22),('municipio','SIMON BOLIVAR', 22),('municipio','ATURES', 23),('municipio','ATABAPO', 23),('municipio','MAROA', 23),('municipio','RIO NEGRO', 23),('municipio','AUTANA', 23),('municipio','MANAPIARE', 23),('municipio','ALTO ORINOCO', 23),('municipio','TUCUPITA', 24),('municipio','PEDERNALES', 24),('municipio','ANTONIO DIAZ', 24),('municipio','CASACOIMA', 24),('municipio','VARGAS', 25);
INSERT INTO "Lugar"(lug_tipo,lug_nombre,fk_lugar)VALUES('parroquia','ALTAGRACIA',26),('parroquia','CANDELARIA',26),('parroquia','CATEDRAL',26),('parroquia','LA PASTORA',26),('parroquia','SAN AGUSTIN',26),('parroquia','SAN JOSE',26),('parroquia','SAN JUAN',26),('parroquia','SANTA ROSALIA',26),('parroquia','SANTA TERESA',26),('parroquia','SUCRE',26),('parroquia','23 DE ENERO',26),('parroquia','ANTIMANO',26),('parroquia','EL RECREO',26),('parroquia','EL VALLE',26),('parroquia','LA VEGA',26),('parroquia','MACARAO',26),('parroquia','CARICUAO',26),('parroquia','EL JUNQUITO',26),('parroquia','COCHE',26),('parroquia','SAN PEDRO',26),('parroquia','SAN BERNARDINO',26),('parroquia','EL PARAISO',26),('parroquia','ANACO',27),('parroquia','SAN JOAQUIN',27),('parroquia','CM. ARAGUA DE BARCELONA',28),('parroquia','CACHIPO',28),('parroquia','EL CARMEN',29),('parroquia','SAN CRISTOBAL',29),('parroquia','BERGANTIN',29),('parroquia','CAIGUA',29),('parroquia','EL PILAR',29),('parroquia','NARICUAL',29),('parroquia','CM. CLARINES',30),('parroquia','GUANAPE',30),('parroquia','SABANA DE UCHIRE',30),('parroquia','CM. ONOTO',31),('parroquia','SAN PABLO',31),('parroquia','CM. CANTAURA',32),('parroquia','LIBERTADOR',32),('parroquia','SANTA ROSA',32),('parroquia','URICA',32),('parroquia','CM. SOLEDAD',33),('parroquia','MAMO',33),('parroquia','CM. SAN MATEO',34),('parroquia','EL CARITO',34),('parroquia','SANTA INES',34),('parroquia','CM. PARIAGUAN',35),('parroquia','ATAPIRIRE',35),('parroquia','BOCA DEL PAO',35),('parroquia','EL PAO',35),('parroquia','CM. MAPIRE',36),('parroquia','PIAR',36),('parroquia','SN DIEGO DE CABRUTICA',36),('parroquia','SANTA CLARA',36),('parroquia','UVERITO',36),('parroquia','ZUATA',36),('parroquia','CM. PUERTO PIRITU',37),('parroquia','SAN MIGUEL',37),('parroquia','SUCRE',37),('parroquia','CM. EL TIGRE',38),('parroquia','POZUELOS',39),('parroquia','CM PTO. LA CRUZ',39),('parroquia','CM. SAN JOSE DE GUANIPA',40),('parroquia','GUANTA',41),('parroquia','CHORRERON',41),('parroquia','PIRITU',42),('parroquia','SAN FRANCISCO',42),('parroquia','LECHERIAS',43),('parroquia','EL MORRO',43),('parroquia','VALLE GUANAPE',44),('parroquia','SANTA BARBARA',44),('parroquia','SANTA ANA',45),('parroquia','PUEBLO NUEVO',45),('parroquia','EL CHAPARRO',46),('parroquia','TOMAS ALFARO CALATRAVA',46),('parroquia','BOCA UCHIRE',47),('parroquia','BOCA DE CHAVEZ',47),('parroquia','ACHAGUAS',48),('parroquia','APURITO',48),('parroquia','EL YAGUAL',48),('parroquia','GUACHARA',48),('parroquia','MUCURITAS',48),('parroquia','QUESERAS DEL MEDIO',48),('parroquia','BRUZUAL',49),('parroquia','MANTECAL',49),('parroquia','QUINTERO',49),('parroquia','SAN VICENTE',49),('parroquia','RINCON HONDO',49),('parroquia','GUASDUALITO',50),('parroquia','ARAMENDI',50),('parroquia','EL AMPARO',50),('parroquia','SAN CAMILO',50),('parroquia','URDANETA',50),('parroquia','SAN JUAN DE PAYARA',51),('parroquia','CODAZZI',51),('parroquia','CUNAVICHE',51),('parroquia','ELORZA',52),('parroquia','LA TRINIDAD',52),('parroquia','SAN FERNANDO',53),('parroquia','PEÑALVER',53),('parroquia','EL RECREO',53),('parroquia','SN RAFAEL DE ATAMAICA',53),('parroquia','BIRUACA',54),('parroquia','CM. LAS DELICIAS',55),('parroquia','CHORONI',55),('parroquia','MADRE MA DE SAN JOSE',55),('parroquia','JOAQUIN CRESPO',55),('parroquia','PEDRO JOSE OVALLES',55),('parroquia','JOSE CASANOVA GODOY',55),('parroquia','ANDRES ELOY BLANCO',55),('parroquia','LOS TACARIGUAS',55),('parroquia','CM. TURMERO',56),('parroquia','SAMAN DE GUERE',56),('parroquia','ALFREDO PACHECO M',56),('parroquia','CHUAO',56),('parroquia','AREVALO APONTE',56),('parroquia','CM. LA VICTORIA',57),('parroquia','ZUATA',57),('parroquia','PAO DE ZARATE',57),('parroquia','CASTOR NIEVES RIOS',57),('parroquia','LAS GUACAMAYAS',57),('parroquia','CM. SAN CASIMIRO',58),('parroquia','VALLE MORIN',58),('parroquia','GUIRIPA',58),('parroquia','OLLAS DE CARAMACATE',58),('parroquia','CM. SAN SEBASTIAN',59),('parroquia','CM. CAGUA',60),('parroquia','BELLA VISTA',60),('parroquia','CM. BARBACOAS',61),('parroquia','SAN FRANCISCO DE CARA',61),('parroquia','TAGUAY',61),('parroquia','LAS PEÑITAS',61),('parroquia','CM. VILLA DE CURA',62),('parroquia','MAGDALENO',62),('parroquia','SAN FRANCISCO DE ASIS',62),('parroquia','VALLES DE TUCUTUNEMO',62),('parroquia','PQ AUGUSTO MIJARES',62),('parroquia','CM. PALO NEGRO',63),('parroquia','SAN MARTIN DE PORRES',63),('parroquia','CM. SANTA CRUZ',64),('parroquia','CM. SAN MATEO',65),('parroquia','CM. LAS TEJERIAS',66),('parroquia','TIARA',66),('parroquia','CM. EL LIMON',67),('parroquia','CA A DE AZUCAR',67),('parroquia','CM. COLONIA TOVAR',68),('parroquia','CM. CAMATAGUA',69),('parroquia','CARMEN DE CURA',69),('parroquia','CM. EL CONSEJO',70),('parroquia','CM. SANTA RITA',71),('parroquia','FRANCISCO DE MIRANDA',71),('parroquia','MONS FELICIANO G',71),('parroquia','OCUMARE DE LA COSTA',72),('parroquia','ARISMENDI',73),('parroquia','GUADARRAMA',73),('parroquia','LA UNION',73),('parroquia','SAN ANTONIO',73),('parroquia','ALFREDO A LARRIVA',74),('parroquia','BARINAS',74),('parroquia','SAN SILVESTRE',74),('parroquia','SANTA INES',74),('parroquia','SANTA LUCIA',74),('parroquia','TORUNOS',74),('parroquia','EL CARMEN',74),('parroquia','ROMULO BETANCOURT',74),('parroquia','CORAZON DE JESUS',74),('parroquia','RAMON I MENDEZ',74),('parroquia','ALTO BARINAS',74),('parroquia','MANUEL P FAJARDO',74),('parroquia','JUAN A RODRIGUEZ D',74),('parroquia','DOMINGA ORTIZ P',74),('parroquia','ALTAMIRA',75),('parroquia','BARINITAS',75),('parroquia','CALDERAS',75),('parroquia','SANTA BARBARA',76),('parroquia','JOSE IGNACIO DEL PUMAR',76),('parroquia','RAMON IGNACIO MENDEZ',76),('parroquia','PEDRO BRICEÑO MENDEZ',76),('parroquia','EL REAL',77),('parroquia','LA LUZ',77),('parroquia','OBISPOS',77),('parroquia','LOS GUASIMITOS',77),('parroquia','CIUDAD BOLIVIA',78),('parroquia','IGNACIO BRICEÑO',78),('parroquia','PAEZ',78),('parroquia','JOSE FELIX RIBAS',78),('parroquia','DOLORES',79),('parroquia','LIBERTAD',79),('parroquia','PALACIO FAJARDO',79),('parroquia','SANTA ROSA',79),('parroquia','CIUDAD DE NUTRIAS',80),('parroquia','EL REGALO',80),('parroquia','PUERTO DE NUTRIAS',80),('parroquia','SANTA CATALINA',80),('parroquia','RODRIGUEZ DOMINGUEZ',81),('parroquia','SABANETA',81),('parroquia','TICOPORO',82),('parroquia','NICOLAS PULIDO',82),('parroquia','ANDRES BELLO',82),('parroquia','BARRANCAS',83),('parroquia','EL SOCORRO',83),('parroquia','MASPARRITO',83),('parroquia','EL CANTON',84),('parroquia','SANTA CRUZ DE GUACAS',84),('parroquia','PUERTO VIVAS',84),('parroquia','SIMON BOLIVAR',85),('parroquia','ONCE DE ABRIL',85),('parroquia','VISTA AL SOL',85),('parroquia','CHIRICA',85),('parroquia','DALLA COSTA',85),('parroquia','CACHAMAY',85),('parroquia','UNIVERSIDAD',85),('parroquia','UNARE',85),('parroquia','YOCOIMA',85),('parroquia','POZO VERDE',85),('parroquia','CM. CAICARA DEL ORINOCO',86),('parroquia','ASCENSION FARRERAS',86),('parroquia','ALTAGRACIA',86),('parroquia','LA URBANA',86),('parroquia','GUANIAMO',86),('parroquia','PIJIGUAOS',86),('parroquia','CATEDRAL',87),('parroquia','AGUA SALADA',87),('parroquia','LA SABANITA',87),('parroquia','VISTA HERMOSA',87),('parroquia','MARHUANTA',87),('parroquia','JOSE ANTONIO PAEZ',87),('parroquia','ORINOCO',87),('parroquia','PANAPANA',87),('parroquia','ZEA',87),('parroquia','CM. UPATA',88),('parroquia','ANDRES ELOY BLANCO',88),('parroquia','PEDRO COVA',88),('parroquia','CM. GUASIPATI',89),('parroquia','SALOM',89),('parroquia','CM. MARIPA',90),('parroquia','ARIPAO',90),('parroquia','LAS MAJADAS',90),('parroquia','MOITACO',90),('parroquia','GUARATARO',90),('parroquia','CM. TUMEREMO',91),('parroquia','DALLA COSTA',91),('parroquia','SAN ISIDRO',91),('parroquia','CM. CIUDAD PIAR',92),('parroquia','SAN FRANCISCO',92),('parroquia','BARCELONETA',92),('parroquia','SANTA BARBARA',92),('parroquia','CM. SANTA ELENA DE UAIREN',93),('parroquia','IKABARU',93),('parroquia','CM. EL CALLAO',94),('parroquia','CM. EL PALMAR',95),('parroquia','BEJUMA',96),('parroquia','CANOABO',96),('parroquia','SIMON BOLIVAR',96),('parroquia','GUIGUE',97),('parroquia','BELEN',97),('parroquia','TACARIGUA',97),('parroquia','MARIARA',98),('parroquia','AGUAS CALIENTES',98),('parroquia','GUACARA',99),('parroquia','CIUDAD ALIANZA',99),('parroquia','YAGUA',99),('parroquia','MONTALBAN',100),('parroquia','MORON',101),('parroquia','URAMA',101),('parroquia','DEMOCRACIA',102),('parroquia','FRATERNIDAD',102),('parroquia','GOAIGOAZA',102),('parroquia','JUAN JOSE FLORES',102),('parroquia','BARTOLOME SALOM',102),('parroquia','UNION',102),('parroquia','BORBURATA',102),('parroquia','PATANEMO',102),('parroquia','SAN JOAQUIN',103),('parroquia','CANDELARIA',104),('parroquia','CATEDRAL',104),('parroquia','EL SOCORRO',104),('parroquia','MIGUEL PEÑA',104),('parroquia','SAN BLAS',104),('parroquia','SAN JOSE',104),('parroquia','SANTA ROSA',104),('parroquia','RAFAEL URDANETA',104),('parroquia','NEGRO PRIMERO',104),('parroquia','MIRANDA',105),('parroquia','U LOS GUAYOS',106),('parroquia','NAGUANAGUA',107),('parroquia','URB SAN DIEGO',108),('parroquia','U TOCUYITO',109),('parroquia','U INDEPENDENCIA',109),('parroquia','COJEDES',110),('parroquia','JUAN DE MATA SUAREZ',110),('parroquia','TINAQUILLO',111),('parroquia','EL BAUL',112),('parroquia','SUCRE',112),('parroquia','EL PAO',113),('parroquia','LIBERTAD DE COJEDES',114),('parroquia','EL AMPARO',114),('parroquia','SAN CARLOS DE AUSTRIA',115),('parroquia','JUAN ANGEL BRAVO',115),('parroquia','MANUEL MANRIQUE',115),('parroquia','GRL/JEFE JOSE L SILVA',116),('parroquia','MACAPO',117),('parroquia','LA AGUADITA',117),('parroquia','ROMULO GALLEGOS',118),('parroquia','SAN JUAN DE LOS CAYOS',119),('parroquia','CAPADARE',119),('parroquia','LA PASTORA',119),('parroquia','LIBERTADOR',119),('parroquia','SAN LUIS',120),('parroquia','ARACUA',120),('parroquia','LA PEÑA',120),('parroquia','CAPATARIDA',121),('parroquia','BOROJO',121),('parroquia','SEQUE',121),('parroquia','ZAZARIDA',121),('parroquia','BARIRO',121),('parroquia','GUAJIRO',121),('parroquia','NORTE',122),('parroquia','CARIRUBANA',122),('parroquia','PUNTA CARDON',122),('parroquia','SANTA ANA',122),('parroquia','LA VELA DE CORO',123),('parroquia','ACURIGUA',123),('parroquia','GUAIBACOA',123),('parroquia','MACORUCA',123),('parroquia','LAS CALDERAS',123),('parroquia','PEDREGAL',124),('parroquia','AGUA CLARA',124),('parroquia','AVARIA',124),('parroquia','PIEDRA GRANDE',124),('parroquia','PURURECHE',124),('parroquia','PUEBLO NUEVO',125),('parroquia','ADICORA',125),('parroquia','BARAIVED',125),('parroquia','BUENA VISTA',125),('parroquia','JADACAQUIVA',125),('parroquia','MORUY',125),('parroquia','EL VINCULO',125),('parroquia','EL HATO',125),('parroquia','ADAURE',125),('parroquia','CHURUGUARA',126),('parroquia','AGUA LARGA',126),('parroquia','INDEPENDENCIA',126),('parroquia','MAPARARI',126),('parroquia','EL PAUJI',126),('parroquia','MENE DE MAUROA',127),('parroquia','CASIGUA',127),('parroquia','SAN FELIX',127),('parroquia','SAN ANTONIO',128),('parroquia','SAN GABRIEL',128),('parroquia','SANTA ANA',128),('parroquia','GUZMAN GUILLERMO',128),('parroquia','MITARE',128),('parroquia','SABANETA',128),('parroquia','RIO SECO',128),('parroquia','CABURE',129),('parroquia','CURIMAGUA',129),('parroquia','COLINA',129),('parroquia','TUCACAS',130),('parroquia','BOCA DE AROA',130),('parroquia','PUERTO CUMAREBO',131),('parroquia','LA CIENAGA',131),('parroquia','LA SOLEDAD',131),('parroquia','PUEBLO CUMAREBO',131),('parroquia','ZAZARIDA',131),('parroquia','CM. DABAJURO',132),('parroquia','CHICHIRIVICHE',133),('parroquia','BOCA DE TOCUYO',133),('parroquia','TOCUYO DE LA COSTA',133),('parroquia','LOS TAQUES',134),('parroquia','JUDIBANA',134),('parroquia','PIRITU',135),('parroquia','SAN JOSE DE LA COSTA',135),('parroquia','STA.CRUZ DE BUCARAL',136),('parroquia','EL CHARAL',136),('parroquia','LAS VEGAS DEL TUY',136),('parroquia','CM. MIRIMIRE',137),('parroquia','JACURA',138),('parroquia','AGUA LINDA',138),('parroquia','ARAURIMA',138),('parroquia','CM. YARACAL',139),('parroquia','CM. PALMA SOLA',140),('parroquia','SUCRE',141),('parroquia','PECAYA',141),('parroquia','URUMACO',142),('parroquia','BRUZUAL',142),('parroquia','CM. TOCOPERO',143),('parroquia','VALLE DE LA PASCUA',144),('parroquia','ESPINO',144),('parroquia','EL SOMBRERO',145),('parroquia','SOSA',145),('parroquia','CALABOZO',146),('parroquia','EL CALVARIO',146),('parroquia','EL RASTRO',146),('parroquia','GUARDATINAJAS',146),('parroquia','ALTAGRACIA DE ORITUCO',147),('parroquia','LEZAMA',147),('parroquia','LIBERTAD DE ORITUCO',147),('parroquia','SAN FCO DE MACAIRA',147),('parroquia','SAN RAFAEL DE ORITUCO',147),('parroquia','SOUBLETTE',147),('parroquia','PASO REAL DE MACAIRA',147),('parroquia','TUCUPIDO',148),('parroquia','SAN RAFAEL DE LAYA',148),('parroquia','SAN JUAN DE LOS MORROS',149),('parroquia','PARAPARA',149),('parroquia','CANTAGALLO',149),('parroquia','ZARAZA',150),('parroquia','SAN JOSE DE UNARE',150),('parroquia','CAMAGUAN',151),('parroquia','PUERTO MIRANDA',151),('parroquia','UVERITO',151),('parroquia','SAN JOSE DE GUARIBE',152),('parroquia','LAS MERCEDES',153),('parroquia','STA RITA DE MANAPIRE',153),('parroquia','CABRUTA',153),('parroquia','EL SOCORRO',154),('parroquia','ORTIZ',155),('parroquia','SAN FCO. DE TIZNADOS',155),('parroquia','SAN JOSE DE TIZNADOS',155),('parroquia','S LORENZO DE TIZNADOS',155),('parroquia','SANTA MARIA DE IPIRE',156),('parroquia','ALTAMIRA',156),('parroquia','CHAGUARAMAS',157),('parroquia','GUAYABAL',158),('parroquia','CAZORLA',158),('parroquia','FREITEZ',159),('parroquia','JOSE MARIA BLANCO',159),('parroquia','CATEDRAL',160),('parroquia','LA CONCEPCION',160),('parroquia','SANTA ROSA',160),('parroquia','UNION',160),('parroquia','EL CUJI',160),('parroquia','TAMACA',160),('parroquia','JUAN DE VILLEGAS',160),('parroquia','AGUEDO F. ALVARADO',160),('parroquia','BUENA VISTA',160),('parroquia','JUAREZ',160),('parroquia','JUAN B RODRIGUEZ',161),('parroquia','DIEGO DE LOZADA',161),('parroquia','SAN MIGUEL',161),('parroquia','CUARA',161),('parroquia','PARAISO DE SAN JOSE',161),('parroquia','TINTORERO',161),('parroquia','JOSE BERNARDO DORANTE',161),('parroquia','CRNEL. MARIANO PERAZA',161),('parroquia','BOLIVAR',162),('parroquia','ANZOATEGUI',162),('parroquia','GUARICO',162),('parroquia','HUMOCARO ALTO',162),('parroquia','HUMOCARO BAJO',162),('parroquia','MORAN',162),('parroquia','HILARIO LUNA Y LUNA',162),('parroquia','LA CANDELARIA',162),('parroquia','CABUDARE',163),('parroquia','JOSE G. BASTIDAS',163),('parroquia','AGUA VIVA',163),('parroquia','TRINIDAD SAMUEL',164),('parroquia','ANTONIO DIAZ',164),('parroquia','CAMACARO',164),('parroquia','CASTAÑEDA',164),('parroquia','CHIQUINQUIRA',164),('parroquia','ESPINOZA LOS MONTEROS',164),('parroquia','LARA',164),('parroquia','MANUEL MORILLO',164),('parroquia','MONTES DE OCA',164),('parroquia','TORRES',164),('parroquia','EL BLANCO',164),('parroquia','MONTA A VERDE',164),('parroquia','HERIBERTO ARROYO',164),('parroquia','LAS MERCEDES',164),('parroquia','CECILIO ZUBILLAGA',164),('parroquia','REYES VARGAS',164),('parroquia','ALTAGRACIA',164),('parroquia','SIQUISIQUE',165),('parroquia','SAN MIGUEL',165),('parroquia','XAGUAS',165),('parroquia','MOROTURO',165),('parroquia','PIO TAMAYO',166),('parroquia','YACAMBU',166),('parroquia','QBDA. HONDA DE GUACHE',166),('parroquia','SARARE',167),('parroquia','GUSTAVO VEGAS LEON',167),('parroquia','BURIA',167),('parroquia','GABRIEL PICON G.',168),('parroquia','HECTOR AMABLE MORA',168),('parroquia','JOSE NUCETE SARDI',168),('parroquia','PULIDO MENDEZ',168),('parroquia','PTE. ROMULO GALLEGOS',168),('parroquia','PRESIDENTE BETANCOURT',168),('parroquia','PRESIDENTE PAEZ',168),('parroquia','CM. LA AZULITA',169),('parroquia','CM. CANAGUA',170),('parroquia','CAPURI',170),('parroquia','CHACANTA',170),('parroquia','EL MOLINO',170),('parroquia','GUAIMARAL',170),('parroquia','MUCUTUY',170),('parroquia','MUCUCHACHI',170),('parroquia','ACEQUIAS',171),('parroquia','JAJI',171),('parroquia','LA MESA',171),('parroquia','SAN JOSE',171),('parroquia','MONTALBAN',171),('parroquia','MATRIZ',171),('parroquia','FERNANDEZ PEÑA',171),('parroquia','CM. GUARAQUE',172),('parroquia','MESA DE QUINTERO',172),('parroquia','RIO NEGRO',172),('parroquia','CM. ARAPUEY',173),('parroquia','PALMIRA',173),('parroquia','CM. TORONDOY',174),('parroquia','SAN CRISTOBAL DE T',174),('parroquia','ARIAS',175),('parroquia','SAGRARIO',175),('parroquia','MILLA',175),('parroquia','EL LLANO',175),('parroquia','JUAN RODRIGUEZ SUAREZ',175),('parroquia','JACINTO PLAZA',175),('parroquia','DOMINGO PEÑA',175),('parroquia','GONZALO PICON FEBRES',175),('parroquia','OSUNA RODRIGUEZ',175),('parroquia','LASSO DE LA VEGA',175),('parroquia','CARACCIOLO PARRA P',175),('parroquia','MARIANO PICON SALAS',175),('parroquia','ANTONIO SPINETTI DINI',175),('parroquia','EL MORRO',175),('parroquia','LOS NEVADOS',175),('parroquia','CM. TABAY',176),('parroquia','CM. TIMOTES',177),('parroquia','ANDRES ELOY BLANCO',177),('parroquia','PIÑANGO',177),('parroquia','LA VENTA',177),('parroquia','CM. STA CRUZ DE MORA',178),('parroquia','MESA BOLIVAR',178),('parroquia','MESA DE LAS PALMAS',178),('parroquia','CM. STA ELENA DE ARENALES',179),('parroquia','ELOY PAREDES',179),('parroquia','PQ R DE ALCAZAR',179),('parroquia','CM. TUCANI',180),('parroquia','FLORENCIO RAMIREZ',180),('parroquia','CM. SANTO DOMINGO',181),('parroquia','LAS PIEDRAS',181),('parroquia','CM. PUEBLO LLANO',182),('parroquia','CM. MUCUCHIES',183),('parroquia','MUCURUBA',183),('parroquia','SAN RAFAEL',183),('parroquia','CACUTE',183),('parroquia','LA TOMA',183),('parroquia','CM. BAILADORES',184),('parroquia','GERONIMO MALDONADO',184),('parroquia','CM. LAGUNILLAS',185),('parroquia','CHIGUARA',185),('parroquia','ESTANQUES',185),('parroquia','SAN JUAN',185),('parroquia','PUEBLO NUEVO DEL SUR',185),('parroquia','LA TRAMPA',185),('parroquia','EL LLANO',186),('parroquia','TOVAR',186),('parroquia','EL AMPARO',186),('parroquia','SAN FRANCISCO',186),('parroquia','CM. NUEVA BOLIVIA',187),('parroquia','INDEPENDENCIA',187),('parroquia','MARIA C PALACIOS',187),('parroquia','SANTA APOLONIA',187),('parroquia','CM. STA MARIA DE CAPARO',188),('parroquia','CM. ARICAGUA',189),('parroquia','SAN ANTONIO',189),('parroquia','CM. ZEA',190),('parroquia','CAÑO EL TIGRE',190),('parroquia','CAUCAGUA',191),('parroquia','ARAGUITA',191),('parroquia','AREVALO GONZALEZ',191),('parroquia','CAPAYA',191),('parroquia','PANAQUIRE',191),('parroquia','RIBAS',191),('parroquia','EL CAFE',191),('parroquia','MARIZAPA',191),('parroquia','HIGUEROTE',192),('parroquia','CURIEPE',192),('parroquia','TACARIGUA',192),('parroquia','LOS TEQUES',193),('parroquia','CECILIO ACOSTA',193),('parroquia','PARACOTOS',193),('parroquia','SAN PEDRO',193),('parroquia','TACATA',193),('parroquia','EL JARILLO',193),('parroquia','ALTAGRACIA DE LA M',193),('parroquia','STA TERESA DEL TUY',194),('parroquia','EL CARTANAL',194),('parroquia','OCUMARE DEL TUY',195),('parroquia','LA DEMOCRACIA',195),('parroquia','SANTA BARBARA',195),('parroquia','RIO CHICO',196),('parroquia','EL GUAPO',196),('parroquia','TACARIGUA DE LA LAGUNA',196),('parroquia','PAPARO',196),('parroquia','SN FERNANDO DEL GUAPO',196),('parroquia','SANTA LUCIA',197),('parroquia','GUARENAS',198),('parroquia','PETARE',199),('parroquia','LEONCIO MARTINEZ',199),('parroquia','CAUCAGUITA',199),('parroquia','FILAS DE MARICHES',199),('parroquia','LA DOLORITA',199),('parroquia','CUA',200),('parroquia','NUEVA CUA',200),('parroquia','GUATIRE',201),('parroquia','BOLIVAR',201),('parroquia','CHARALLAVE',202),('parroquia','LAS BRISAS',202),('parroquia','SAN ANTONIO LOS ALTOS',203),('parroquia','SAN JOSE DE BARLOVENTO',204),('parroquia','CUMBO',204),('parroquia','SAN FCO DE YARE',205),('parroquia','S ANTONIO DE YARE',205),('parroquia','BARUTA',206),('parroquia','EL CAFETAL',206),('parroquia','LAS MINAS DE BARUTA',206),('parroquia','CARRIZAL',207),('parroquia','CHACAO',208),('parroquia','EL HATILLO',209),('parroquia','MAMPORAL',210),('parroquia','CUPIRA',211),('parroquia','MACHURUCUTO',211),('parroquia','CM. SAN ANTONIO',212),('parroquia','SAN FRANCISCO',212),('parroquia','CM. CARIPITO',213),('parroquia','CM. CARIPE',214),('parroquia','TERESEN',214),('parroquia','EL GUACHARO',214),('parroquia','SAN AGUSTIN',214),('parroquia','LA GUANOTA',214),('parroquia','SABANA DE PIEDRA',214),('parroquia','CM. CAICARA',215),('parroquia','AREO',215),('parroquia','SAN FELIX',215),('parroquia','VIENTO FRESCO',215),('parroquia','CM. PUNTA DE MATA',216),('parroquia','EL TEJERO',216),('parroquia','CM. TEMBLADOR',217),('parroquia','TABASCA',217),('parroquia','LAS ALHUACAS',217),('parroquia','CHAGUARAMAS',217),('parroquia','EL FURRIAL',218),('parroquia','JUSEPIN',218),('parroquia','EL COROZO',218),('parroquia','SAN VICENTE',218),('parroquia','LA PICA',218),('parroquia','ALTO DE LOS GODOS',218),('parroquia','BOQUERON',218),('parroquia','LAS COCUIZAS',218),('parroquia','SANTA CRUZ',218),('parroquia','SAN SIMON',218),('parroquia','CM. ARAGUA',219),('parroquia','CHAGUARAMAL',219),('parroquia','GUANAGUANA',219),('parroquia','APARICIO',219),('parroquia','TAGUAYA',219),('parroquia','EL PINTO',219),('parroquia','LA TOSCANA',219),('parroquia','CM. QUIRIQUIRE',220),('parroquia','CACHIPO',220),('parroquia','CM. BARRANCAS',221),('parroquia','LOS BARRANCOS DE FAJARDO',221),('parroquia','CM. AGUASAY',222),('parroquia','CM. SANTA BARBARA',223),('parroquia','CM. URACOA',224),('parroquia','CM. LA ASUNCION',225),('parroquia','CM. SAN JUAN BAUTISTA',226),('parroquia','ZABALA',226),('parroquia','CM. SANTA ANA',227),('parroquia','GUEVARA',227),('parroquia','MATASIETE',227),('parroquia','BOLIVAR',227),('parroquia','SUCRE',227),('parroquia','CM. PAMPATAR',228),('parroquia','AGUIRRE',228),('parroquia','CM. JUAN GRIEGO',229),('parroquia','ADRIAN',229),('parroquia','CM. PORLAMAR',230),('parroquia','CM. BOCA DEL RIO',231),('parroquia','SAN FRANCISCO',231),('parroquia','CM. SAN PEDRO DE COCHE',232),('parroquia','VICENTE FUENTES',232),('parroquia','CM. PUNTA DE PIEDRAS',233),('parroquia','LOS BARALES',233),('parroquia','CM.LA PLAZA DE PARAGUACHI',234),('parroquia','CM. VALLE ESP SANTO',235),('parroquia','FRANCISCO FAJARDO',235),('parroquia','CM. ARAURE',236),('parroquia','RIO ACARIGUA',236),('parroquia','CM. PIRITU',237),('parroquia','UVERAL',237),('parroquia','CM. GUANARE',238),('parroquia','CORDOBA',238),('parroquia','SAN JUAN GUANAGUANARE',238),('parroquia','VIRGEN DE LA COROMOTO',238),('parroquia','SAN JOSE DE LA MONTAÑA',238),('parroquia','CM. GUANARITO',239),('parroquia','TRINIDAD DE LA CAPILLA',239),('parroquia','DIVINA PASTORA',239),('parroquia','CM. OSPINO',240),('parroquia','APARICION',240),('parroquia','LA ESTACION',240),('parroquia','CM. ACARIGUA',241),('parroquia','PAYARA',241),('parroquia','PIMPINELA',241),('parroquia','RAMON PERAZA',241),('parroquia','CM. BISCUCUY',242),('parroquia','CONCEPCION',242),('parroquia','SAN RAFAEL PALO ALZADO',242),('parroquia','UVENCIO A VELASQUEZ',242),('parroquia','SAN JOSE DE SAGUAZ',242),('parroquia','VILLA ROSA',242),('parroquia','CM. VILLA BRUZUAL',243),('parroquia','CANELONES',243),('parroquia','SANTA CRUZ',243),('parroquia','SAN ISIDRO LABRADOR',243),('parroquia','CM. CHABASQUEN',244),('parroquia','PEÑA BLANCA',244),('parroquia','CM. AGUA BLANCA',245),('parroquia','CM. PAPELON',246),('parroquia','CAÑO DELGADITO',246),('parroquia','CM. BOCONOITO',247),('parroquia','ANTOLIN TOVAR AQUINO',247),('parroquia','CM. SAN RAFAEL DE ONOTO',248),('parroquia','SANTA FE',248),('parroquia','THERMO MORLES',248),('parroquia','CM. EL PLAYON',249),('parroquia','FLORIDA',249),('parroquia','RIO CARIBE',250),('parroquia','SAN JUAN GALDONAS',250),('parroquia','PUERTO SANTO',250),('parroquia','EL MORRO DE PTO SANTO',250),('parroquia','ANTONIO JOSE DE SUCRE',250),('parroquia','EL PILAR',251),('parroquia','EL RINCON',251),('parroquia','GUARAUNOS',251),('parroquia','TUNAPUICITO',251),('parroquia','UNION',251),('parroquia','GRAL FCO. A VASQUEZ',251),('parroquia','SANTA CATALINA',252),('parroquia','SANTA ROSA',252),('parroquia','SANTA TERESA',252),('parroquia','BOLIVAR',252),('parroquia','MACARAPANA',252),('parroquia','YAGUARAPARO',253),('parroquia','LIBERTAD',253),('parroquia','PAUJIL',253),('parroquia','IRAPA',254),('parroquia','CAMPO CLARO',254),('parroquia','SORO',254),('parroquia','SAN ANTONIO DE IRAPA',254),('parroquia','MARABAL',254),('parroquia','CM. SAN ANT DEL GOLFO',255),('parroquia','CUMANACOA',256),('parroquia','ARENAS',256),('parroquia','ARICAGUA',256),('parroquia','COCOLLAR',256),('parroquia','SAN FERNANDO',256),('parroquia','SAN LORENZO',256),('parroquia','CARIACO',257),('parroquia','CATUARO',257),('parroquia','RENDON',257),('parroquia','SANTA CRUZ',257),('parroquia','SANTA MARIA',257),('parroquia','ALTAGRACIA',258),('parroquia','AYACUCHO',258),('parroquia','SANTA INES',258),('parroquia','VALENTIN VALIENTE',258),('parroquia','SAN JUAN',258),('parroquia','GRAN MARISCAL',258),('parroquia','RAUL LEONI',258),('parroquia','GUIRIA',259),('parroquia','CRISTOBAL COLON',259),('parroquia','PUNTA DE PIEDRA',259),('parroquia','BIDEAU',259),('parroquia','MARIÑO',260),('parroquia','ROMULO GALLEGOS',260),('parroquia','TUNAPUY',261),('parroquia','CAMPO ELIAS',261),('parroquia','SAN JOSE DE AREOCUAR',262),('parroquia','TAVERA ACOSTA',262),('parroquia','CM. MARIGUITAR',263),('parroquia','ARAYA',264),('parroquia','MANICUARE',264),('parroquia','CHACOPATA',264),('parroquia','CM. COLON',265),('parroquia','RIVAS BERTI',265),('parroquia','SAN PEDRO DEL RIO',265),('parroquia','CM. SAN ANT DEL TACHIRA',266),('parroquia','PALOTAL',266),('parroquia','JUAN VICENTE GOMEZ',266),('parroquia','ISAIAS MEDINA ANGARIT',266),('parroquia','CM. CAPACHO NUEVO',267),('parroquia','JUAN GERMAN ROSCIO',267),('parroquia','ROMAN CARDENAS',267),('parroquia','CM. TARIBA',268),('parroquia','LA FLORIDA',268),('parroquia','AMENODORO RANGEL LAMU',268),('parroquia','CM. LA GRITA',269),('parroquia','EMILIO C. GUERRERO',269),('parroquia','MONS. MIGUEL A SALAS',269),('parroquia','CM. RUBIO',270),('parroquia','BRAMON',270),('parroquia','LA PETROLEA',270),('parroquia','QUINIMARI',270),('parroquia','CM. LOBATERA',271),('parroquia','CONSTITUCION',271),('parroquia','LA CONCORDIA',272),('parroquia','PEDRO MARIA MORANTES',272),('parroquia','SN JUAN BAUTISTA',272),('parroquia','SAN SEBASTIAN',272),('parroquia','DR. FCO. ROMERO LOBO',272),('parroquia','CM. PREGONERO',273),('parroquia','CARDENAS',273),('parroquia','POTOSI',273),('parroquia','JUAN PABLO PEÑALOZA',273),('parroquia','CM. STA. ANA  DEL TACHIRA',274),('parroquia','CM. LA FRIA',275),('parroquia','BOCA DE GRITA',275),('parroquia','JOSE ANTONIO PAEZ',275),('parroquia','CM. PALMIRA',276),('parroquia','CM. MICHELENA',277),('parroquia','CM. ABEJALES',278),('parroquia','SAN JOAQUIN DE NAVAY',278),('parroquia','DORADAS',278),('parroquia','EMETERIO OCHOA',278),('parroquia','CM. COLONCITO',279),('parroquia','LA PALMITA',279),('parroquia','CM. UREÑA',280),('parroquia','NUEVA ARCADIA',280),('parroquia','CM. QUENIQUEA',281),('parroquia','SAN PABLO',281),('parroquia','ELEAZAR LOPEZ CONTRERA',281),('parroquia','CM. CORDERO',282),('parroquia','CM.SAN RAFAEL DEL PINAL',283),('parroquia','SANTO DOMINGO',283),('parroquia','ALBERTO ADRIANI',283),('parroquia','CM. CAPACHO VIEJO',284),('parroquia','CIPRIANO CASTRO',284),('parroquia','MANUEL FELIPE RUGELES',284),('parroquia','CM. LA TENDIDA',285),('parroquia','BOCONO',285),('parroquia','HERNANDEZ',285),('parroquia','CM. SEBORUCO',286),('parroquia','CM. LAS MESAS',287),('parroquia','CM. SAN JOSE DE BOLIVAR',288),('parroquia','CM. EL COBRE',289),('parroquia','CM. DELICIAS',290),('parroquia','CM. SAN SIMON',291),('parroquia','CM. SAN JOSECITO',292),('parroquia','CM. UMUQUENA',293),('parroquia','BETIJOQUE',294),('parroquia','JOSE G HERNANDEZ',294),('parroquia','LA PUEBLITA',294),('parroquia','EL CEDRO',294),('parroquia','BOCONO',295),('parroquia','EL CARMEN',295),('parroquia','MOSQUEY',295),('parroquia','AYACUCHO',295),('parroquia','BURBUSAY',295),('parroquia','GENERAL RIVAS',295),('parroquia','MONSEÑOR JAUREGUI',295),('parroquia','RAFAEL RANGEL',295),('parroquia','SAN JOSE',295),('parroquia','SAN MIGUEL',295),('parroquia','GUARAMACAL',295),('parroquia','LA VEGA DE GUARAMACAL',295),('parroquia','CARACHE',296),('parroquia','LA CONCEPCION',296),('parroquia','CUICAS',296),('parroquia','PANAMERICANA',296),('parroquia','SANTA CRUZ',296),('parroquia','ESCUQUE',297),('parroquia','SABANA LIBRE',297),('parroquia','LA UNION',297),('parroquia','SANTA RITA',297),('parroquia','CRISTOBAL MENDOZA',298),('parroquia','CHIQUINQUIRA',298),('parroquia','MATRIZ',298),('parroquia','MONSEÑOR CARRILLO',298),('parroquia','CRUZ CARRILLO',298),('parroquia','ANDRES LINARES',298),('parroquia','TRES ESQUINAS',298),('parroquia','LA QUEBRADA',299),('parroquia','JAJO',299),('parroquia','LA MESA',299),('parroquia','SANTIAGO',299),('parroquia','CABIMBU',299),('parroquia','TUÑAME',299),('parroquia','MERCEDES DIAZ',300),('parroquia','JUAN IGNACIO MONTILLA',300),('parroquia','LA BEATRIZ',300),('parroquia','MENDOZA',300),('parroquia','LA PUERTA',300),('parroquia','SAN LUIS',300),('parroquia','CHEJENDE',301),('parroquia','CARRILLO',301),('parroquia','CEGARRA',301),('parroquia','BOLIVIA',301),('parroquia','MANUEL SALVADOR ULLOA',301),('parroquia','SAN JOSE',301),('parroquia','ARNOLDO GABALDON',301),('parroquia','EL DIVIDIVE',302),('parroquia','AGUA CALIENTE',302),('parroquia','EL CENIZO',302),('parroquia','AGUA SANTA',302),('parroquia','VALERITA',302),('parroquia','MONTE CARMELO',303),('parroquia','BUENA VISTA',303),('parroquia','STA MARIA DEL HORCON',303),('parroquia','MOTATAN',304),('parroquia','EL BAÑO',304),('parroquia','JALISCO',304),('parroquia','PAMPAN',305),('parroquia','SANTA ANA',305),('parroquia','LA PAZ',305),('parroquia','FLOR DE PATRIA',305),('parroquia','CARVAJAL',306),('parroquia','ANTONIO N BRICEÑO',306),('parroquia','CAMPO ALEGRE',306),('parroquia','JOSE LEONARDO SUAREZ',306),('parroquia','SABANA DE MENDOZA',307),('parroquia','JUNIN',307),('parroquia','VALMORE RODRIGUEZ',307),('parroquia','EL PARAISO',307),('parroquia','SANTA ISABEL',308),('parroquia','ARAGUANEY',308),('parroquia','EL JAGUITO',308),('parroquia','LA ESPERANZA',308),('parroquia','SABANA GRANDE',309),('parroquia','CHEREGUE',309),('parroquia','GRANADOS',309),('parroquia','EL SOCORRO',310),('parroquia','LOS CAPRICHOS',310),('parroquia','ANTONIO JOSE DE SUCRE',310),('parroquia','CAMPO ELIAS',311),('parroquia','ARNOLDO GABALDON',311),('parroquia','SANTA APOLONIA',312),('parroquia','LA CEIBA',312),('parroquia','EL PROGRESO',312),('parroquia','TRES DE FEBRERO',312),('parroquia','PAMPANITO',313),('parroquia','PAMPANITO II',313),('parroquia','LA CONCEPCION',313),('parroquia','CM. AROA',314),('parroquia','CM. CHIVACOA',315),('parroquia','CAMPO ELIAS',315),('parroquia','CM. NIRGUA',316),('parroquia','SALOM',316),('parroquia','TEMERLA',316),('parroquia','CM. SAN FELIPE',317),('parroquia','ALBARICO',317),('parroquia','SAN JAVIER',317),('parroquia','CM. GUAMA',318),('parroquia','CM. URACHICHE',319),('parroquia','CM. YARITAGUA',320),('parroquia','SAN ANDRES',320),('parroquia','CM. SABANA DE PARRA',321),('parroquia','CM. BORAURE',322),('parroquia','CM. COCOROTE',323),('parroquia','CM. INDEPENDENCIA',324),('parroquia','CM. SAN PABLO',325),('parroquia','CM. YUMARE',326),('parroquia','CM. FARRIAR',327),('parroquia','EL GUAYABO',327),('parroquia','GENERAL URDANETA',328),('parroquia','LIBERTADOR',328),('parroquia','MANUEL GUANIPA MATOS',328),('parroquia','MARCELINO BRICEÑO',328),('parroquia','SAN TIMOTEO',328),('parroquia','PUEBLO NUEVO',328),('parroquia','PEDRO LUCAS URRIBARRI',329),('parroquia','SANTA RITA',329),('parroquia','JOSE CENOVIO URRIBARR',329),('parroquia','EL MENE',329),('parroquia','SANTA CRUZ DEL ZULIA',330),('parroquia','URRIBARRI',330),('parroquia','MORALITO',330),('parroquia','SAN CARLOS DEL ZULIA',330),('parroquia','SANTA BARBARA',330),('parroquia','LUIS DE VICENTE',331),('parroquia','RICAURTE',331),('parroquia','MONS.MARCOS SERGIO G',331),('parroquia','SAN RAFAEL',331),('parroquia','LAS PARCELAS',331),('parroquia','TAMARE',331),('parroquia','LA SIERRITA',331),('parroquia','BOLIVAR',332),('parroquia','COQUIVACOA',332),('parroquia','CRISTO DE ARANZA',332),('parroquia','CHIQUINQUIRA',332),('parroquia','SANTA LUCIA',332),('parroquia','OLEGARIO VILLALOBOS',332),('parroquia','JUANA DE AVILA',332),('parroquia','CARACCIOLO PARRA PEREZ',332),('parroquia','IDELFONZO VASQUEZ',332),('parroquia','CACIQUE MARA',332),('parroquia','CECILIO ACOSTA',332),('parroquia','RAUL LEONI',332),('parroquia','FRANCISCO EUGENIO B',332),('parroquia','MANUEL DAGNINO',332),('parroquia','LUIS HURTADO HIGUERA',332),('parroquia','VENANCIO PULGAR',332),('parroquia','ANTONIO BORJAS ROMERO',332),('parroquia','SAN ISIDRO',332),('parroquia','FARIA',333),('parroquia','SAN ANTONIO',333),('parroquia','ANA MARIA CAMPOS',333),('parroquia','SAN JOSE',333),('parroquia','ALTAGRACIA',333),('parroquia','GOAJIRA',334),('parroquia','ELIAS SANCHEZ RUBIO',334),('parroquia','SINAMAICA',334),('parroquia','ALTA GUAJIRA',334),('parroquia','SAN JOSE DE PERIJA',335),('parroquia','BARTOLOME DE LAS CASAS',335),('parroquia','LIBERTAD',335),('parroquia','RIO NEGRO',335),('parroquia','GIBRALTAR',336),('parroquia','HERAS',336),('parroquia','M.ARTURO CELESTINO A',336),('parroquia','ROMULO GALLEGOS',336),('parroquia','BOBURES',336),('parroquia','EL BATEY',336),('parroquia','ANDRES BELLO (KM 48)',337),('parroquia','POTRERITOS',337),('parroquia','EL CARMELO',337),('parroquia','CHIQUINQUIRA',337),('parroquia','CONCEPCION',337),('parroquia','ELEAZAR LOPEZ C',338),('parroquia','ALONSO DE OJEDA',338),('parroquia','VENEZUELA',338),('parroquia','CAMPO LARA',338),('parroquia','LIBERTAD',338),('parroquia','UDON PEREZ',339),('parroquia','ENCONTRADOS',339),('parroquia','DONALDO GARCIA',340),('parroquia','SIXTO ZAMBRANO',340),('parroquia','EL ROSARIO',340),('parroquia','AMBROSIO',341),('parroquia','GERMAN RIOS LINARES',341),('parroquia','JORGE HERNANDEZ',341),('parroquia','LA ROSA',341),('parroquia','PUNTA GORDA',341),('parroquia','CARMEN HERRERA',341),('parroquia','SAN BENITO',341),('parroquia','ROMULO BETANCOURT',341),('parroquia','ARISTIDES CALVANI',341),('parroquia','RAUL CUENCA',342),('parroquia','LA VICTORIA',342),('parroquia','RAFAEL URDANETA',342),('parroquia','JOSE RAMON YEPEZ',343),('parroquia','LA CONCEPCION',343),('parroquia','SAN JOSE',343),('parroquia','MARIANO PARRA LEON',343),('parroquia','MONAGAS',344),('parroquia','ISLA DE TOAS',344),('parroquia','MARCIAL HERNANDEZ',345),('parroquia','FRANCISCO OCHOA',345),('parroquia','SAN FRANCISCO',345),('parroquia','EL BAJO',345),('parroquia','DOMITILA FLORES',345),('parroquia','LOS CORTIJOS',345),('parroquia','BARI',346),('parroquia','JESUS M SEMPRUN',346),('parroquia','SIMON RODRIGUEZ',347),('parroquia','CARLOS QUEVEDO',347),('parroquia','FRANCISCO J PULGAR',347),('parroquia','RAFAEL MARIA BARALT',348),('parroquia','MANUEL MANRIQUE',348),('parroquia','RAFAEL URDANETA',348),('parroquia','FERNANDO GIRON TOVAR',349),('parroquia','LUIS ALBERTO GOMEZ',349),('parroquia','PARHUEÑA',349),('parroquia','PLATANILLAL',349),('parroquia','CM. SAN FERNANDO DE ATABA',350),('parroquia','UCATA',350),('parroquia','YAPACANA',350),('parroquia','CANAME',350),('parroquia','CM. MAROA',351),('parroquia','VICTORINO',351),('parroquia','COMUNIDAD',351),('parroquia','CM. SAN CARLOS DE RIO NEG',352),('parroquia','SOLANO',352),('parroquia','COCUY',352),('parroquia','CM. ISLA DE RATON',353),('parroquia','SAMARIAPO',353),('parroquia','SIPAPO',353),('parroquia','MUNDUAPO',353),('parroquia','GUAYAPO',353),('parroquia','CM. SAN JUAN DE MANAPIARE',354),('parroquia','ALTO VENTUARI',354),('parroquia','MEDIO VENTUARI',354),('parroquia','BAJO VENTUARI',354),('parroquia','CM. LA ESMERALDA',355),('parroquia','HUACHAMACARE',355),('parroquia','MARAWAKA',355),('parroquia','MAVACA',355),('parroquia','SIERRA PARIMA',355),('parroquia','SAN JOSE',356),('parroquia','VIRGEN DEL VALLE',356),('parroquia','SAN RAFAEL',356),('parroquia','JOSE VIDAL MARCANO',356),('parroquia','LEONARDO RUIZ PINEDA',356),('parroquia','MONS. ARGIMIRO GARCIA',356),('parroquia','MCL.ANTONIO J DE SUCRE',356),('parroquia','JUAN MILLAN',356),('parroquia','PEDERNALES',357),('parroquia','LUIS B PRIETO FIGUERO',357),('parroquia','CURIAPO',358),('parroquia','SANTOS DE ABELGAS',358),('parroquia','MANUEL RENAUD',358),('parroquia','PADRE BARRAL',358),('parroquia','ANICETO LUGO',358),('parroquia','ALMIRANTE LUIS BRION',358),('parroquia','IMATACA',359),('parroquia','ROMULO GALLEGOS',359),('parroquia','JUAN BAUTISTA ARISMEN',359),('parroquia','MANUEL PIAR',359),('parroquia','5 DE JULIO',359),('parroquia','CARABALLEDA',360),('parroquia','CARAYACA',360),('parroquia','CARUAO',360),('parroquia','CATIA LA MAR',360),('parroquia','LA GUAIRA',360),('parroquia','MACUTO',360),('parroquia','MAIQUETIA',360),('parroquia','NAIGUATA',360),('parroquia','EL JUNKO',360),('parroquia','PQ RAUL LEONI',360),('parroquia','PQ CARLOS SOUBLETTE',360);

INSERT INTO "Barril" (bar_nombre, bar_descripcion, bar_tipo_madera) VALUES
  ('Roble', 'Barril de roble sin carbonizar. Aporta sabores suaves y menos intensos.', 'Roble'),
  ('Carbonizado', 'Barril de roble carbonizado. Imparte sabores intensos y tostados al líquido almacenado.', 'Roble'),
  ('Caoba', 'Barril de caoba. Proporciona tonos dulces y afrutados al líquido.', 'Caoba'),
  ('Cerezo', 'Barril de cerezo. Ofrece notas frutales y ácidas al contenido almacenado.', 'Cerezo'),
  ('Nogal', 'Barril de nogal. Contribuye con sabores terrosos y ligeramente amargos al líquido.', 'Nogal');

INSERT INTO "Botella" (bot_nombre, bot_altura, bot_ancho, bot_capacidad) VALUES
  ( 'Cristal', 25, 8, 750),
  ( 'Verde', 30, 9, 750),
  ( 'Azul', 28, 8.5, 500),
  ( 'Ámbar', 26, 8, 700),
  ( 'Negra', 32, 7.5, 650);

INSERT INTO "Categoria" ( cat_nombre) VALUES
  ( 'Rhum Ambré'),
  ('Rhum Vieux'),
  ('Prestige'),
  ('Ultra-Premium'),
  ('Premium'),
  ('Súper Premium'),
  ('Estándar');
  
  
INSERT INTO "Color" ( col_nombre, col_descripcion) VALUES
  ( 'Ámbar Intenso', 'Intenso y profundo ámbar'),
  ( 'Ámbar Medio-Intenso', 'Ámbar de intensidad media'),
  ( 'Castaño', 'Color castaño'),
  ( 'Blanco', 'Color blanco'),
  ( 'Negro', 'Color negro'),
  ( 'Dorado', 'Color dorado'),
  ( 'Caramelo', 'Color caramelo'),
  ( 'Caoba', 'Color caoba'),
  ( 'Anaranjado', 'Color anaranjado'),
  ( 'Ámbar Oscuro', 'Ámbar de tonalidad oscura'),
  ('Ámbar Claro', 'Ámbar de tonalidad clara');
  
 INSERT INTO "Fermentacion" VALUES
  ( 'Alta', 'Fermentación a alta temperatura, que resulta en sabores más intensos y aromas complejos.'),
  ( 'Baja', 'Fermentación a baja temperatura, que preserva los sabores delicados y aromas florales.'),
  ( 'Espontánea', 'Fermentación espontánea mediante levaduras y bacterias presentes en el ambiente.'),
  ( 'Mixta', 'Fermentación mixta utilizando diferentes cepas de levaduras y bacterias.'),
  ( 'Tradicional', 'Fermentación tradicional siguiendo métodos históricos y regionales para desarrollar perfiles únicos.');

INSERT INTO "Variedad" ( var_nombre) VALUES
  ('Ron blanco'),
  ('Ron ambré'),
  ('Ron vieux'),
  ('Ron envejecido'),
  ('Ron oscuro');
  
INSERT INTO "Tapa" ( tap_descripcion, tap_largo, tap_ancho, tap_radio) VALUES
  ( 'Tapa estándar', 10, 10, 1),
  ( 'Tapa especial', 12, 12, 2),
  ('Tapa grande', 15, 15, 3),
  ( 'Tapa pequeña', 8, 8, 1),
  ( 'Tapa redonda', 10, 10, 5);

INSERT INTO "Tasa" ("tas_valor", "tas_fecha_inicial", "tas_fecha_final")
VALUES
(35.50, '2023-01-01', '2023-01-31'),
(36.75, '2023-02-01', '2023-02-28'),
(37.25, '2023-03-01', '2023-03-31'),
(34.00, '2023-04-01', '2023-04-30'),
(27.50, '2023-05-01', '2023-05-31'),
(29.75, '2023-06-01', '2023-06-30'),
(36.25, '2023-07-01', '2023-07-31'),
(37.00, '2023-08-01', '2023-08-31'),
(39.50, '2023-09-01', '2023-09-30'),
(48.75, '2023-10-01', '2023-10-31');


	INSERT INTO public."Evento"(
	 eve_nombre, eve_descripcion, eve_cantidad_entradas, eve_fecha_hora_inicial, eve_fecha_hora_final, eve_direccion, fk_lugar)
	VALUES ('Puerto Ordaz Rhum Fest', 'Se estima la participación de más de 200 marcas de rones,  lo cual le permitirá al consumidor degustar, olfatear y visualizar los distintos colores, sabores y aromas propios de la bebida destilada.', 50, '08/01/2024','08/01/2024', 'Av. Monseñor Zabaleta, Edif. Atlántico,Local Nº. 1', 100);
	INSERT INTO public."Evento"(
	 eve_nombre, eve_descripcion, eve_cantidad_entradas, eve_fecha_hora_inicial, eve_fecha_hora_final, eve_direccion, fk_lugar)
	VALUES ('Altamira Rhum Fest', 'Directores de empresas, técnicos, personal de marketing y ventas, así como reconocidos maestros roneros se dan cita para presenciar ponencias que abarcan temas tan específicos y variados como los procesos técnicos de producción del destilado',0, '08/01/2024','09/01/2024', 'Plaza Francia', 150);
	INSERT INTO public."Evento"(
	 eve_nombre, eve_descripcion, eve_cantidad_entradas, eve_fecha_hora_inicial, eve_fecha_hora_final, eve_direccion, fk_lugar)
	VALUES ('Congreso Internacional de Ron de Caracas ', 'Directores de empresas, técnicos, personal de marketing y ventas, así como reconocidos maestros roneros se dan cita para presenciar ponencias que abarcan temas tan específicos y variados como los comportamientos del mercado.',0, '10/01/2024','10/01/2024', 'Plaza Alfredo Sadel', 270);
	INSERT INTO public."Evento"(
	 eve_nombre, eve_descripcion, eve_cantidad_entradas, eve_fecha_hora_inicial, eve_fecha_hora_final, eve_direccion, fk_lugar)
	VALUES ('ShowRum de Caracas ', 'Una combinación de marcas tradicionales y nuevos productos, acompañadas de un programa educativo de calidad pero con un nivel adecuado para el consumidor medio',300, '11/01/2024','15/01/2024', 'Quinta Esmeralda', 340);
	INSERT INTO public."Evento"(
	 eve_nombre, eve_descripcion, eve_cantidad_entradas, eve_fecha_hora_inicial, eve_fecha_hora_final, eve_direccion, fk_lugar)
	VALUES ('Rum Day', 'Se estima la participación muchas marcas hechas a partir de melaza, el plato fuerte es la enorme cantidad de rones de jugo de caña disponibles para catar.', 150, '16/01/2024','18/01/2024', 'Avenida Venezuela', 287);
	INSERT INTO public."Evento"(
	 eve_nombre, eve_descripcion, eve_cantidad_entradas, eve_fecha_hora_inicial, eve_fecha_hora_final, eve_direccion, fk_lugar)
	VALUES ('Rum Day Valencia', ' La 4ta edición del Rum Day Valencia 2024 se celebrará por todo lo alto, durante tres días enfocados en la educación sobre el ron, la premiumización y el comercio', 50, '19/01/2024','19/01/2024', 'Autopista regional del Centro ', 939);
	INSERT INTO public."Evento"(
	 eve_nombre, eve_descripcion, eve_cantidad_entradas, eve_fecha_hora_inicial, eve_fecha_hora_final, eve_direccion, fk_lugar)
	VALUES ('Los palos Grandes Rhum Fest', 'evento centrado en la promoción de la industria local, donde los asistentes podrán disfrutar de más 10 marcas de rones diferentes, elaboradas en Venezuela',60, '20/01/2024','21/01/2024', 'Edif. Crystal Palace Local 3 Y 4,', 1050);
	INSERT INTO public."Evento"(
	 eve_nombre, eve_descripcion, eve_cantidad_entradas, eve_fecha_hora_inicial, eve_fecha_hora_final, eve_direccion, fk_lugar)
	VALUES ('Congreso Internacional de Ron de Margarita ', 'Enfocado en la degustacion de marcas nacionales,Más de 24 expresiones serán servidas por las compañías locales de ron o por el personal de famosos bares locales.',0, '22/01/2024','24/01/2024', 'Playa el Agua', 741);
	INSERT INTO public."Evento"(
	 eve_nombre, eve_descripcion, eve_cantidad_entradas, eve_fecha_hora_inicial, eve_fecha_hora_final, eve_direccion, fk_lugar)
	VALUES ('Festival de degustacion de destilados', ' Esta fase de degustación será acompañada por los Embajadores de marca, quienes aclararán las dudas que puedan existir, educando así al paladar del consumidor y aportando nuevos datos a esta maravillosa experiencia sensorial',300, '25/01/2024','26/01/2024', 'Avenida Principal de las Mercedes', 632);
	INSERT INTO public."Evento"(
	 eve_nombre, eve_descripcion, eve_cantidad_entradas, eve_fecha_hora_inicial, eve_fecha_hora_final, eve_direccion, fk_lugar)
	VALUES ('Festival de Cata de Ron', 'Además de catas de rones, se realizarán seminarios con clases magistrales dirigidas por los expertos de la industria, artistas locales venderán artesanía y los restaurantes más famosos de la Isla enamorarán el paladar de los comensales con sus deliciosas cartas gastronómicas',0, '27/01/2024','28/01/2024', 'Playa el Agua', 514);
	INSERT INTO public."Evento"(
	 eve_nombre, eve_descripcion, eve_cantidad_entradas, eve_fecha_hora_inicial, eve_fecha_hora_final, eve_direccion, fk_lugar)
	VALUES ('Fiesta de Ron del Hatillo', 'Dicho festival ofrece la oportunidad de asistir a una Gran Cata ya los seminarios, celebrándose cuatro sesiones independientes: The Trade “Industry” Session, VIP Rum Experts Session, VIP Enthusiastic Session y Rum Aficionados General Admission Tasting Session.', 450, '01/02/2024','05/02/2024', ' Av. La Trinidad del Hatillo, con Calle el Muro', 357);
	INSERT INTO public."Evento"(
	 eve_nombre, eve_descripcion, eve_cantidad_entradas, eve_fecha_hora_inicial, eve_fecha_hora_final, eve_direccion, fk_lugar)
	VALUES ('Fiesta de Ron del Cafetal', 'Evento centrado en el ron, conocimientos y nuevas oportunidades dentro de la industria.',220, '08/02/2024','09/02/2024', 'CC Plazas las Americas', 100);
	INSERT INTO public."Evento"(
	 eve_nombre, eve_descripcion, eve_cantidad_entradas, eve_fecha_hora_inicial, eve_fecha_hora_final, eve_direccion, fk_lugar)
	VALUES ('Fiesta de Ron de Portuguesa', 'Sus programas ofrecerán a los profesionales del sector, la oportunidad de establecer contactos con el representante de la marca, degustar rones de primera calidad, asistir a los seminarios Trade Focus, degustación de rones Premium, acceso a seminarios VIP, entre otros.',100, '25/03/2024','27/03/2024', 'Hotel Geo Inn', 951);
	INSERT INTO public."Evento"(
	 eve_nombre, eve_descripcion, eve_cantidad_entradas, eve_fecha_hora_inicial, eve_fecha_hora_final, eve_direccion, fk_lugar)
	VALUES ('The drinks show Caracas ', 'La perfecta combinación entre el mundo líquido y restauración que ningún bartender se puede perder.',300, '15/02/2024','16/02/2024', ' Terrasas del CCCT', 154);
	INSERT INTO public."Evento"(
	 eve_nombre, eve_descripcion, eve_cantidad_entradas, eve_fecha_hora_inicial, eve_fecha_hora_final, eve_direccion, fk_lugar)
	VALUES ('Conferencia inernacional del ron', 'Durante el evento podemos disfrutar de dos días de conferencias y concursos. Los mejores especialistas en ron nos hablarán sobre los procesos de producción del ron y los campos más técnicos', 150, '25/04/2024','28/04/2024', 'Eurobuilding Hotel', 169);
	INSERT INTO public."Evento"(
	 eve_nombre, eve_descripcion, eve_cantidad_entradas, eve_fecha_hora_inicial, eve_fecha_hora_final, eve_direccion, fk_lugar)
	VALUES ('Chacao Festival de Ron', 'Se centrará en la premiumización de la categoría de ron, permitiendo a los aficionados acercarse un poco más a esos sabores de máxima calidad que no suelen ser degustados en todos los lados.', 150, '21/01/2024','21/01/2024', 'Terresas del CCCT', 187);
	INSERT INTO public."Evento"(
	 eve_nombre, eve_descripcion, eve_cantidad_entradas, eve_fecha_hora_inicial, eve_fecha_hora_final, eve_direccion, fk_lugar)
	VALUES ('Fiesta de Ron de Merida', 'Este maravilloso festival que además de enamorar al paladar, también seducirá a los presentes con sus catas, charlas, concursos y premiaciones',110, '08/06/2024','09/06/2024', 'La Laguna de Mucubají ', 968);
	INSERT INTO public."Evento"(
	 eve_nombre, eve_descripcion, eve_cantidad_entradas, eve_fecha_hora_inicial, eve_fecha_hora_final, eve_direccion, fk_lugar)
	VALUES ('Festival de Ron de Barinas ', 'El Festival del Ron de Barinas se presenta  como un espacio singular para el intercambio sobre las novedades y tendencias de la industria ronera, con la  promoción de los nuevos productos aparecidos  entre un festival y otro.',0, '10/07/2024','10/07/2024', 'Ave Tachira', 842);
	INSERT INTO public."Evento"(
	 eve_nombre, eve_descripcion, eve_cantidad_entradas, eve_fecha_hora_inicial, eve_fecha_hora_final, eve_direccion, fk_lugar)
	VALUES ('Concurso de rones nacionales ', 'El certamen incluye en su convocatoria la evaluación y premio de los mejores productos y sus elaboradores  en las categorías en concurso ante el escrutinio de un Jurado altamente calificado de expertos y maestros nacionales e internacionales.',300, '11/09/2024','15/09/2024', 'Quinta Esmeralda', 963);
	INSERT INTO public."Evento"(
	 eve_nombre, eve_descripcion, eve_cantidad_entradas, eve_fecha_hora_inicial, eve_fecha_hora_final, eve_direccion, fk_lugar)
	VALUES ('VII Concurso Internacional de Cata 2024', ' Se caracteriza por ser uno de los certámenes más importantes del mundo en esta materia, por este concurso ha pasado más de 2000 rones a lo largo de las seis anteriores ediciones', 0, '02/04/2024','05/04/2024', 'Hotel Tamanaco', 751);
     INSERT INTO public."Evento"(
	 eve_nombre, eve_descripcion, eve_cantidad_entradas, eve_fecha_hora_inicial, eve_fecha_hora_final, eve_direccion, fk_lugar)
	VALUES ('Festival de Ron de Barcelona', 'Se estima la participación de más de 200 marcas de rones,  lo cual le permitirá al consumidor degustar, olfatear y visualizar los distintos colores, sabores y aromas propios de la bebida destilada.',300, '10/11/2024','08/11/2024', 'Eurobuilding Hotel & Suites Lechería', 951);
	INSERT INTO public."Evento"(
	 eve_nombre, eve_descripcion, eve_cantidad_entradas, eve_fecha_hora_inicial, eve_fecha_hora_final, eve_direccion, fk_lugar)
	VALUES ('Chacao Rhum Fest', 'Durante los dos días de duración, directores de empresas, técnicos, personal de marketing y ventas, así como reconocidos maestros roneros se dan cita para presenciar ponencias que abarcan temas tan específicos y variados como los procesos técnicos de producción del destilado',0, '18/11/2024','19/11/2024', 'Hotel Chacao Suites', 954);
	INSERT INTO public."Evento"(
	 eve_nombre, eve_descripcion, eve_cantidad_entradas, eve_fecha_hora_inicial, eve_fecha_hora_final, eve_direccion, fk_lugar)
	VALUES ('Congreso Nacional de Ron de Santa Teresa', 'Durante el evento podemos disfrutar de dos días de conferencias y concursos. Los mejores especialistas en ron nos hablarán sobre los procesos de producción del ron y los campos más técnicos',0, '10/01/2024','10/01/2024', 'Hacienda Santa Teresa', 741);
	INSERT INTO public."Evento"(
	 eve_nombre, eve_descripcion, eve_cantidad_entradas, eve_fecha_hora_inicial, eve_fecha_hora_final, eve_direccion, fk_lugar)
	VALUES ('Sesion de Ron ', 'Exclusivas sesiones de catas cuidadosamente preparadas para elevar la experiencia de consumo del ron en base a propuestas de diferentes características, es la definición de Rum Sessions.',300, '11/06/2024','13/06/2024', 'Quinta Esmeralda', 111);
	INSERT INTO public."Evento"(
	 eve_nombre, eve_descripcion, eve_cantidad_entradas, eve_fecha_hora_inicial, eve_fecha_hora_final, eve_direccion, fk_lugar)
	VALUES ('Cena y desgustacion de rones', 'El evento cuenta con una selección de 4 rones de distintas marcas y regiones del mundo, en una cena maridaje de 3 a 4 tiempos , que en su mayoría son importados directamente a los organizadores de la actividad para lograr experiencias de nuevos perfiles de sabores, estilos y países productores de ron en todo el mundo.', 30, '19/01/2024','19/06/2024', 'Waldorf Hotel', 124);
    INSERT INTO public."Evento"(
	 eve_nombre, eve_descripcion, eve_cantidad_entradas, eve_fecha_hora_inicial, eve_fecha_hora_final, eve_direccion, fk_lugar)
	VALUES ('Degustacion con Carupano', 'Durante el evento podemos disfrutar de dos días de conferencias y concursos. Los mejores especialistas de la marca, hablarán sobre los procesos de producción del ron Carupano', 50, '17/07/2024','18/07/2024', '', 115);
	INSERT INTO public."Evento"(
	 eve_nombre, eve_descripcion, eve_cantidad_entradas, eve_fecha_hora_inicial, eve_fecha_hora_final, eve_direccion, fk_lugar)
	VALUES ('Degustacion con Pampero', 'Durante el evento podemos disfrutar de dos días de conferencias y concursos. Los mejores especialistas de la marca, hablarán sobre los procesos de producción del ron Pampero',0, '19/05/2024','20/05/2024','UCAB, Edif. Cincuenteranio',251);
	INSERT INTO public."Evento"(
	 eve_nombre, eve_descripcion, eve_cantidad_entradas, eve_fecha_hora_inicial, eve_fecha_hora_final, eve_direccion, fk_lugar)
	VALUES ('Degustacion con Ron Roble Viejo', 'Durante el evento podemos disfrutar de dos días de conferencias y concursos. Los mejores especialistas en ron de la marca,hablarán sobre los procesos de producción del ron Roble Viejo',0, '23/08/2024','24/08/2024','UCAB,Edif. Cincuenterario',159);
	INSERT INTO public."Evento"(
	 eve_nombre, eve_descripcion, eve_cantidad_entradas, eve_fecha_hora_inicial, eve_fecha_hora_final, eve_direccion, fk_lugar)
	VALUES ('Venezuela Run Festival', '2da Edicion Cata de Rones del Caribe, en la que se degustaron 6 rones provenientes de distintos países de la cuenca del Caribe. Cuposlimitados',80,'20/04/2024','20/04/2024','UCAB,Auditorio Guido Arnal',139);
	INSERT INTO public."Evento"(
	 eve_nombre, eve_descripcion, eve_cantidad_entradas, eve_fecha_hora_inicial, eve_fecha_hora_final, eve_direccion, fk_lugar)
	VALUES ('URON','7 tipos de bebidas pudieron degustar los venezolanos en este evento donde participaron varios productores de ron', 150, '29/08/2024','30/08/2024','UCAB,Plaza Mickey',654);
	INSERT INTO public."Evento"(
	 eve_nombre, eve_descripcion, eve_cantidad_entradas, eve_fecha_hora_inicial, eve_fecha_hora_final, eve_direccion, fk_lugar)
	VALUES ('ASORON festival','Será escenario de  todo tipo de exhibiciones en el campo de la coctelería con ron, ofreciendo además master class y la oportunidad de poder catar diversos rones venidos desde todos los lugares de Venezuela',80 ,'29/09/2024','30/09/2024','UCAB,Edif. Circuentenario',358);
	 INSERT INTO public."Evento"(
	 eve_nombre, eve_descripcion, eve_cantidad_entradas, eve_fecha_hora_inicial, eve_fecha_hora_final, eve_direccion, fk_lugar)
	VALUES ('Festival de Ron Venezolano','Además de catas de rones, se realizarán seminarios con clases magistrales dirigidas por los expertos de la industria, habrá presentaciones de música en vivo y premiaciones involucradas',0,'21/09/2024','22/09/2024','Aula Magna, UCV',122);
	  INSERT INTO public."Evento"(
	 eve_nombre, eve_descripcion, eve_cantidad_entradas, eve_fecha_hora_inicial, eve_fecha_hora_final, eve_direccion, fk_lugar)
	VALUES ('Golden Ron Festival','Además de catas de rones, se realizarán seminarios con clases magistrales dirigidas por los expertos de la industria, premiaciones y catas',0,'21/10/2024','22/10/2024','Aula Magna, UCV',133);
	  INSERT INTO public."Evento"(
	 eve_nombre, eve_descripcion, eve_cantidad_entradas, eve_fecha_hora_inicial, eve_fecha_hora_final, eve_direccion, fk_lugar)
	VALUES ('Encuentro de Rones Nacionales','Es un evento destinado a promover la cultura y consumo responsable del ron ',0,'21/11/2024','22/11/2024','Universidad Metropolitana ',144);
	  INSERT INTO public."Evento"(
	 eve_nombre, eve_descripcion, eve_cantidad_entradas, eve_fecha_hora_inicial, eve_fecha_hora_final, eve_direccion, fk_lugar)
	VALUES ('Rones de Venezuela','Es un evento destinado a promover la cultura y consumo responsable del ron ',0,'21/12/2024','22/12/2024','Universidad Metropolitana ',155);
	   INSERT INTO public."Evento"(
	 eve_nombre, eve_descripcion, eve_cantidad_entradas, eve_fecha_hora_inicial, eve_fecha_hora_final, eve_direccion, fk_lugar)
	VALUES ('Una historia de Destilados','Durante el evento se impartiran una de conferencias de conferencias y concursos de marcas nacionales e internacionales ',0,'26/03/2024','26/03/2024','Universidad Metropolitana ',166);
	 INSERT INTO public."Evento"(
	 eve_nombre, eve_descripcion, eve_cantidad_entradas, eve_fecha_hora_inicial, eve_fecha_hora_final, eve_direccion, fk_lugar)
	VALUES ('Rones una historia venzolana','Durante el evento se impartiran una de conferencias de conferencias referentes a la evolucion de la industria ronera en el pais, con invitados especiales',1000,'26/07/2024','26/07/2024','Teatro teresa Carreño ',177);
	 INSERT INTO public."Evento"(
	 eve_nombre, eve_descripcion, eve_cantidad_entradas, eve_fecha_hora_inicial, eve_fecha_hora_final, eve_direccion, fk_lugar)
	VALUES ('Venezuela y su Industria Ronera','Acompañanos y disfruta las ponencias de las grandes destileras del pais,con degustaciones incluidas y sorpresas inesperadas',15000,'30/10/2024','30/10/2024','Estadio Olimipico ',188);
	  INSERT INTO public."Evento"(
	 eve_nombre, eve_descripcion, eve_cantidad_entradas, eve_fecha_hora_inicial, eve_fecha_hora_final, eve_direccion, fk_lugar)
	VALUES ('Venezuela y su Industria de destilados','Acompañanos y disfruta las ponencias de las grandes destileras del pais,con degustaciones incluidas y sorpresas inesperadas',15000,'30/10/2024','30/10/2024','Estadio Olimipico ',199);
	 INSERT INTO public."Evento"(
	 eve_nombre, eve_descripcion, eve_cantidad_entradas, eve_fecha_hora_inicial, eve_fecha_hora_final, eve_direccion, fk_lugar)
	VALUES ('Convencion de Roles Nacionales',' Primera edicion de la Convecion Rones Nacionales,fomentada por la Hacienda Santa Teresa y Ron Roble Viejo, con estanes de productos artesanales e industriales',0,'28/10/2024','28/10/2024','El laguito ',200);
	 INSERT INTO public."Evento"(
	 eve_nombre, eve_descripcion, eve_cantidad_entradas, eve_fecha_hora_inicial, eve_fecha_hora_final, eve_direccion, fk_lugar)
	VALUES ('Exposicion de Ron Carupano 2024',' Quinta edicion de la exposicion de Ron Carupano evento de degustacion donde se presentaran por primera vez, nuevos sabores',120,'12/10/2024','12/10/2024','El laguito ',222);
	  INSERT INTO public."Evento"(
	 eve_nombre, eve_descripcion, eve_cantidad_entradas, eve_fecha_hora_inicial, eve_fecha_hora_final, eve_direccion, fk_lugar)
	VALUES ('Exposicion de Ron Pampero 2024',' Sexta edicion de la exposicion de Ron Panpero evento de degustacion donde se presentaran por primera vez, nuevos sabores',120,'13/10/2024','13/10/2024','El laguito ',333);
	  INSERT INTO public."Evento"(
	 eve_nombre, eve_descripcion, eve_cantidad_entradas, eve_fecha_hora_inicial, eve_fecha_hora_final, eve_direccion, fk_lugar)
	VALUES ('Exposicion de Ron Roble Viejo 2024',' Cuarta edicion de la exposicion de Ron Roble Viejo evento de degustacion donde se presentaran por primera vez, nuevos sabores',120,'14/10/2024','14/10/2024','El laguito ',444);
	  INSERT INTO public."Evento"(
	 eve_nombre, eve_descripcion, eve_cantidad_entradas, eve_fecha_hora_inicial, eve_fecha_hora_final, eve_direccion, fk_lugar)
	VALUES ('Exposicion de Ron Casique 2024',' Quinta edicion de la exposicion de Ron Casique evento de degustacion donde se presentaran por primera vez, nuevos sabores',120,'15/10/2024','15/10/2024','El laguito ',555);
	  INSERT INTO public."Evento"(
	 eve_nombre, eve_descripcion, eve_cantidad_entradas, eve_fecha_hora_inicial, eve_fecha_hora_final, eve_direccion, fk_lugar)
	VALUES ('Exposicion de Ron Santa Teresa 2024',' Quinta edicion de la exposicion de Ron Santa Teresa evento de degustacion donde se presentaran por primera vez, nuevos sabores',120,'16/10/2024','16/10/2024','El laguito ',666);
	  INSERT INTO public."Evento"(
	 eve_nombre, eve_descripcion, eve_cantidad_entradas, eve_fecha_hora_inicial, eve_fecha_hora_final, eve_direccion, fk_lugar)
	VALUES ('Exposicion de añejados', 'Quinta edicion de la exposicion de añejados evento de licores enfocado en el ron y el wiskey',120,'17/10/2024','17/10/2024','Estadio Monumental Simon Bolivar ',777);
	  INSERT INTO public."Evento"(
	 eve_nombre, eve_descripcion, eve_cantidad_entradas, eve_fecha_hora_inicial, eve_fecha_hora_final, eve_direccion, fk_lugar)
	VALUES ('Feria de importadores Nacionales', 'Quinta edicion de la feria, donde se pueden apreciar las marcas venezlanas con mayor incice de exportacion, como el Ron y el Cacao',200,'24/07/2024','25/07/2024','Estadio Monumental Simon Bolivar ',888);
	  INSERT INTO public."Evento"(
	 eve_nombre, eve_descripcion, eve_cantidad_entradas, eve_fecha_hora_inicial, eve_fecha_hora_final, eve_direccion, fk_lugar)
	VALUES ('Feria de Chocolate, Cafe y Ron', 'Feria de apreciacion a tres pilares venezolanos,con la ponencia de grandes marcas y la degustacion de estos manjares convinados en diferentes presentaciones ',120,'21/03/2024','21/03/2024','Estadio Monumental Simon Bolivar ',999);
	   INSERT INTO public."Evento"(
	 eve_nombre, eve_descripcion, eve_cantidad_entradas, eve_fecha_hora_inicial, eve_fecha_hora_final, eve_direccion, fk_lugar)
	VALUES ('Festival de Ron Maracay', 'El Festival del Ron de Maracay se presenta  como un espacio singular para el intercambio sobre las novedades y tendencias de la industria ronera',420,'24/10/2024','24/10/2024','Hotel Hesperia Maracay',125);
	   INSERT INTO public."Evento"(
	 eve_nombre, eve_descripcion, eve_cantidad_entradas, eve_fecha_hora_inicial, eve_fecha_hora_final, eve_direccion, fk_lugar)
	VALUES ('Festival de Ron Avila', 'El Festival del Ron del Avila se presenta  como un espacio singular para el intercambio sobre las novedades y tendencias de la industria ronera, con una experiencia en las alturas',230,'23/05/2024','23/05/2024','Hotel Humboldt',136);
	 

INSERT INTO "Empleado" ("per_nat_ci", "per_nat_rif", "per_nat_p_nombre", "per_nat_s_nombre", "per_nat_p_apellido", "per_nat_s_apellido", "per_nat_direccion", "emp_sueldo", "emp_fecha_ingreso","fk_lugar")
VALUES
('1234567', 'J149456789', 'Juan', 'Carlos', 'Pérez', 'González', 'Calle 123, Ciudad X', 2500.00, '2023-01-01 08:00:00',100),
('7654321', 'J365456789', 'María', NULL, 'López', 'Martínez', 'Avenida ABC, Ciudad Y', 3000.50, '2023-02-15 09:30:00',200),
('9876543', 'J147456789', 'Pedro', 'José', 'García', 'Sánchez', 'Carrera XYZ, Ciudad Z', 2800.75, '2023-03-20 10:45:00',300),
('1111111', 'J135456789', 'Ana', 'Isabel', 'Rodríguez', 'Fernández', 'Calle Principal, Ciudad A', 2600.25, '2023-04-10 11:15:00',400),
('2222222', 'J12344889', 'Javier', NULL, 'Díaz', 'Ramírez', 'Calle Secundaria, Ciudad B', 3200.00, '2023-05-05 14:00:00',500),
('9999999', 'J12368789', 'Luis', 'Alberto', 'Torres', 'Gómez', 'Avenida Central, Ciudad C', 2900.00, '2023-06-22 16:20:00',600),
('4444444', 'J123476789', 'Elena', 'Victoria', 'Martínez', 'Castillo', 'Calle Alegre, Ciudad D', 2700.50, '2023-07-18 18:30:00',700),
('5555555', 'J121526789', 'Roberto', 'Miguel', 'Sánchez', 'Pérez', 'Avenida Tranquila, Ciudad E', 3100.25, '2023-08-10 20:45:00',800),
('7777777', 'J126396789', 'Julia', 'Cecilia', 'Gómez', 'Fernández', 'Calle Hermosa, Ciudad F', 2800.00, '2023-10-05 22:00:00',900),
('8888888', 'J124586789', 'Carlos', 'Alberto', 'Hernández', 'Ramírez', 'Avenida Florida, Ciudad G', 3000.75, '2023-11-15 09:45:00',102),
('6666666', 'J129656789', 'Isabel', 'Cristina', 'Alvarez', 'Pérez', 'Calle Bella, Ciudad H', 2600.50, '2023-12-08 11:30:00',115),
('3333333', 'J124786789', 'Ricardo', 'Manuel', 'Fernández', 'García', 'Avenida Nueva, Ciudad I', 2800.25, '2024-01-20 13:15:00',125),
('1010101', 'J123746789', 'Laura', NULL, 'Soto', 'Ramírez', 'Calle Naranja, Ciudad J', 2900.50, '2024-02-18 15:30:00',138),
('1212121', 'J121256789', 'Felipe', 'Javier', 'Mendoza', 'Gómez', 'Avenida Tranquilidad, Ciudad K', 3200.00, '2024-03-10 17:45:00',149),
('1313131', 'J1248556789', 'Carmen', 'Luisa', 'Gutierrez', 'Fernández', 'Calle Sol, Ciudad L', 3000.75, '2024-04-22 19:00:00',155),
('1414141', 'J126346789', 'Pablo', 'Andrés', 'Díaz', 'Martínez', 'Avenida Estrella, Ciudad M', 2700.00, '2024-05-15 21:15:00',165),
('1515151', 'J124777777', 'Silvia', 'Valentina', 'García', 'Hernández', 'Calle Luna, Ciudad N', 3100.25, '2024-06-08 23:30:00',176),
('1616161', 'J123966789', 'Francisco', 'Rafael', 'Ramírez', 'Pérez', 'Avenida Primavera, Ciudad O', 2800.50, '2024-07-01 10:00:00',180),
('1717171', 'J123476788', 'Eva', 'Gabriela', 'Gómez', 'Fernández', 'Calle Mar, Ciudad P', 3000.00, '2024-08-14 12:30:00',191),
('1818181', 'J122556789', 'Daniel', 'Fernando', 'Hernández', 'García', 'Avenida Río, Ciudad Q', 3100.50, '2024-09-25 14:45:00',209),
('1919191', 'J124856789', 'Carolina', 'Mariana', 'Pérez', 'Gómez', 'Calle Playa, Ciudad R', 3300.25, '2024-10-18 17:00:00',218),
('2020202', 'J123456789', 'Hugo', 'Enrique', 'Martínez', 'Fernández', 'Avenida Montaña, Ciudad S', 2900.75, '2024-11-30 19:15:00',221);


INSERT INTO "Cliente_Natural" ("per_nat_id","per_nat_ci", "per_nat_rif", "per_nat_p_nombre", "per_nat_s_nombre", "per_nat_p_apellido", "per_nat_s_apellido", "per_nat_direccion", "per_nat_punto", "fk_lugar")
VALUES
('9876143', 'J123456789', 'Eduardo', 'Alejandro', 'Hernández', 'Gómez', 'Calle 456, Ciudad X', 150,100),
('1111211', 'J123456589', 'Fabiola', NULL, 'Ramírez', 'Martínez', 'Avenida XYZ, Ciudad Y', 200,200),
('5555535', 'J123456719', 'Sandra', 'Isabel', 'Gutiérrez', 'Fernández', 'Carrera ABC, Ciudad Z', 180,300),
('2224222', 'J123453789', 'Roberto', 'Miguel', 'Pérez', 'Sánchez', 'Calle Principal, Ciudad A', 160,400),
('6666566', 'J123454789', 'Javier', NULL, 'Gómez', 'Ramírez', 'Calle Secundaria, Ciudad B', 220,500),
('3333633', 'J123256789', 'Laura', 'Victoria', 'Martínez', 'Gómez', 'Avenida 123, Ciudad C', 190,600),
('8888788', 'J123416789', 'Cristian', 'Alberto', 'Fernández', 'Pérez', 'Calle Alegre, Ciudad D', 170,700),
('9999989', 'J123496789', 'Renata', 'Valentina', 'López', 'García', 'Avenida Tranquila, Ciudad E', 210,800),
('7777797', 'J123756789', 'Felipe', 'Cecilia', 'Hernández', 'Fernández', 'Calle Hermosa, Ciudad F', 180,900),
('4441444', 'J129456789', 'Andrea', 'Javier', 'Ramírez', 'Martínez', 'Avenida Florida, Ciudad G', 200,100),
('1222121', 'J123756788', 'Carlos', 'Cristina', 'García', 'Pérez', 'Calle Bella, Ciudad H', 160,110),
('1013101', 'J123456989', 'Ricardo', 'Manuel', 'Alvarez', 'Fernández', 'Avenida Nueva, Ciudad I', 180,120),
('7774778', 'J123426789', 'Susana', NULL, 'Soto', 'Ramírez', 'Calle Naranja, Ciudad J', 190,130),
('1212522', 'J124456789', 'Mateo', 'Javier', 'Mendoza', 'Gómez', 'Avenida Tranquilidad, Ciudad K', 220,140),
('1363132', 'J121456789', 'Valentina', 'Luisa', 'Gutierrez', 'Fernández', 'Calle Sol, Ciudad L', 200,150),
('1474142', 'J123045789', 'Fernando', 'Andrés', 'Díaz', 'Martínez', 'Avenida Estrella, Ciudad M', 170,160),
('1585152', 'J123455789', 'Adriana', 'Valentina', 'García', 'Hernández', 'Calle Luna, Ciudad N', 210,170),
('1616962', 'J123459989', 'Antonio', 'Rafael', 'Ramírez', 'Pérez', 'Avenida Primavera, Ciudad O', 180,180),
('1717572', 'J123116789', 'Gabriela', 'Carolina', 'Gómez', 'Fernández', 'Calle Mar, Ciudad P', 200,190),
('1818182', 'J333456789', 'Fernando', 'Mariana', 'Hernández', 'García', 'Avenida Río, Ciudad Q', 210,200),
('1919142', 'J144456789', 'Mónica', 'Javier', 'Pérez', 'Gómez', 'Calle Playa, Ciudad R', 230,210),
('2120202', 'J199456789', 'Héctor', 'Enrique', 'Martínez', 'Fernández', 'Avenida Montaña, Ciudad S', 190,220);


INSERT INTO "Cliente_Juridico" ("per_jur_rif", "per_jur_denominacion_comercial", "per_jur_razon_social", "per_jur_pagina_web", "per_jur_direccion_fiscal", "per_jur_direccion_fisica", "per_jur_capital")
VALUES
('J123456789', 'Empresa A', 'Razón Social A', 'www.empresa-a.com', 'Avenida Principal, Ciudad X', 'Calle Principal, Ciudad X', 100000.00),
('J987654321', 'Empresa B', 'Razón Social B', 'www.empresa-b.com', 'Avenida Secundaria, Ciudad Y', 'Calle Secundaria, Ciudad Y', 150000.50),
('J568790123', 'Empresa C', 'Razón Social C', 'www.empresa-c.com', 'Avenida Terciaria, Ciudad Z', 'Calle Terciaria, Ciudad Z', 200000.75),
('J234567890', 'Empresa D', 'Razón Social D', 'www.empresa-d.com', 'Avenida Cuaternaria, Ciudad A', 'Calle Cuaternaria, Ciudad A', 120000.25),
('J876543210', 'Empresa E', 'Razón Social E', 'www.empresa-e.com', 'Avenida Quintenaria, Ciudad B', 'Calle Quintenaria, Ciudad B', 180000.00),
('J345678901', 'Empresa F', 'Razón Social F', 'www.empresa-f.com', 'Avenida Sextenaria, Ciudad C', 'Calle Sextenaria, Ciudad C', 220000.50),
('J901234567', 'Empresa G', 'Razón Social G', 'www.empresa-g.com', 'Avenida Septenaria, Ciudad D', 'Calle Septenaria, Ciudad D', 130000.75),
('J109876543', 'Empresa H', 'Razón Social H', 'www.empresa-h.com', 'Avenida Octenaria, Ciudad E', 'Calle Octenaria, Ciudad E', 160000.25),
('J765432109', 'Empresa I', 'Razón Social I', 'www.empresa-i.com', 'Avenida Novenaria, Ciudad F', 'Calle Novenaria, Ciudad F', 190000.00),
('J432109876', 'Empresa J', 'Razón Social J', 'www.empresa-j.com', 'Avenida Decenaria, Ciudad G', 'Calle Decenaria, Ciudad G', 210000.50),
('J121212121', 'Empresa K', 'Razón Social K', 'www.empresa-k.com', 'Avenida Oncenaria, Ciudad H', 'Calle Oncenaria, Ciudad H', 140000.75),
('J343434343', 'Empresa L', 'Razón Social L', 'www.empresa-l.com', 'Avenida Docenaria, Ciudad I', 'Calle Docenaria, Ciudad I', 170000.25),
('J565656565', 'Empresa M', 'Razón Social M', 'www.empresa-m.com', 'Avenida Trecearia, Ciudad J', 'Calle Trecearia, Ciudad J', 200000.00),
('J787878787', 'Empresa N', 'Razón Social N', 'www.empresa-n.com', 'Avenida Catorcenaria, Ciudad K', 'Calle Catorcenaria, Ciudad K', 230000.50),
('J989898989', 'Empresa O', 'Razón Social O', 'www.empresa-o.com', 'Avenida Quindecenaria, Ciudad L', 'Calle Quindecenaria, Ciudad L', 250000.75),
('J232323232', 'Empresa P', 'Razón Social P', 'www.empresa-p.com', 'Avenida Dieciséisaria, Ciudad M', 'Calle Dieciséisaria, Ciudad M', 170000.25),
('J454545454', 'Empresa Q', 'Razón Social Q', 'www.empresa-q.com', 'Avenida Diecisiete, Ciudad N', 'Calle Diecisiete, Ciudad N', 200000.00),
('J676767676', 'Empresa R', 'Razón Social R', 'www.empresa-r.com', 'Avenida Dieciocho, Ciudad O', 'Calle Dieciocho, Ciudad O', 220000.50),
('J898989898', 'Empresa S', 'Razón Social S', 'www.empresa-s.com', 'Avenida Diecinueve, Ciudad P', 'Calle Diecinueve, Ciudad P', 190000.75),
('J121212122', 'Empresa T', 'Razón Social T', 'www.empresa-t.com', 'Avenida Veinte, Ciudad Q', 'Calle Veinte, Ciudad Q', 210000.25);


INSERT INTO "Beneficio" ( "ben_nombre", "ben_descripcion", "ben_fecha_inicial", "ben_fecha_fin")
VALUES
  ('Vacaciones Anuales', 'Período anual de vacaciones remuneradas', '2023-01-01', '2023-02-01'),
  ('Licencia por Reposo', 'Licencia remunerada por razones de salud', '2023-02-15', '2023-03-15'),
  ('Permiso de Maternidad', 'Permiso remunerado para nuevas madres', '2023-03-10', '2023-04-10'),
  ('Incentivo por Puntualidad', 'Bono adicional por llegar puntualmente', '2023-04-20', '2023-05-20'),
  ('Bonificación por Producción', 'Recompensa por alcanzar metas de producción', '2023-05-05', '2023-06-05'),
  ('Días Adicionales de Vacaciones', 'Días extra de vacaciones acumulables', '2023-06-15', '2023-07-15'),
  ('Bono de Desempeño', 'Bono adicional por excelente desempeño', '2023-07-01', '2023-08-01'),
  ('Día Libre por Cumpleaños', 'Día libre remunerado en el cumpleaños del empleado', '2023-08-10', '2023-09-10'),
  ('Promoción de Salud', 'Programa de bienestar con beneficios de salud', '2023-09-15', '2023-10-15'),
  ( 'Reconocimiento de Antigüedad', 'Recompensa por años de servicio en la empresa', '2023-10-05', '2023-11-05');

INSERT INTO "Caja" ("caj_capacidad", "caj_descripcion", "fk_caja")
VALUES
  (10, 'Caja pequeña para transacciones diarias', 1),
  (20, 'Caja mediana para manejar un volumen moderado de efectivo', 2),
  (15, 'Caja para eventos especiales y transacciones temporales',3),
  (30, 'Caja grande para el manejo de grandes cantidades de efectivo', 4),
  (12, 'Caja portátil para ventas en exteriores', 5),
  (25, 'Caja de seguridad para almacenar objetos de valor', 6),
  (18, 'Caja especializada para monedas y cambio', 7),
  (16, 'Caja con sistema de registro electrónico', 8),
  (22, 'Caja con compartimientos para una organización eficiente', 9),
  ( 28, 'Caja blindada para la protección máxima', 1);

INSERT INTO "Cheque" "che_banco", "che_numero")
VALUES
  ( 'Banco de Venezuela', '123456789'),
  ( 'Banco Nacional de Crédito', '987654321'),
  ( 'Banco Mercantil', '555000111'),
  ( 'Banco Banesco', '999888777'),
  ( 'Banco Provincial', '444333222'),
  ( 'Banco Exterior', '111222333'),
  ( 'Banco Occidental de Descuento (BOD)', '666777888'),
  ( 'Banco Caroní', '333444555'),
  ( 'Banco del Tesoro', '888777666'),
  ( 'Banco Industrial de Venezuela', '222111000');

INSERT INTO "Destilacion" ("des_nombre", "des_descripcion", "fk_fermentacion")
VALUES
  ('Destilación de Agave', 'Proceso de destilación de agave para tequila', 1),
  ('Destilación de Uva', 'Proceso de destilación de uva para brandy',1),
  ('Destilación de Malta', 'Proceso de destilación de malta para whisky', 2),
  ('Destilación de Caña de Azúcar', 'Proceso de destilación de caña de azúcar para ron', 2),
  ('Destilación de Manzana', 'Proceso de destilación de manzana para brandy de manzana', 3),
  ('Destilación de Centeno', 'Proceso de destilación de centeno para whisky de centeno', 3),
  ('Destilación de Maíz', 'Proceso de destilación de maíz para bourbon', 4),
  ('Destilación de Vino', 'Proceso de destilación de vino para brandy de vino', 4),
  ('Destilación de Cebada', 'Proceso de destilación de cebada para whisky de cebada', 5),
  ( 'Destilación de Frutas Tropicales', 'Proceso de destilación de frutas tropicales para licor', 5);

INSERT INTO "Detalle_Fisica_Evento" ( "detalle_cantidad", "detalle_precio_venta")
VALUES
  ( 150, 45.00),
  ( 120, 55.00),
  ( 100, 35.00),
  ( 50, 75.00),
  ( 180, 50.00);


INSERT INTO "Detalle_Fisica" ( "detallef_cantidad", "detallef_precio_venta")
VALUES
  ( 150, 45.00),
  ( 120, 55.00),
  ( 100, 35.00),
  ( 50, 75.00),
  ( 180, 50.00);

INSERT INTO "Empleado_Beneficio" ( "fk_empleado", "fk_empleado_2", "fk_beneficio")
VALUES
  ( 1, '1234567', 1),
  ( 2, '7654321', 2),
  ( 3, '9876543', 3),
  ( 4, '1111111', 4),
  ( 5, '2222222', 5);

INSERT INTO "Estatus" ( "est_nombre")
VALUES
  ('Listo para la entrega'),
  ('Entregado'),
  ('En Proceso'),
  ('Finalizado'),
  ('Pendiente'),
  ('Cancelado'),
  ('Aprobado'),
  ('Rechazado'),
  ('En Espera'),
  ( 'Suspendido'),
  ( 'Activo'),
  ( 'Inactivo');

INSERT INTO "Fisica" ( "aso_rif", "aso_direccion", "fk_lugar", "fk_tasa")
VALUES
  ('2531343012', 'Dirección 1', 110, 1),
  ('2531343012', 'Dirección 2', 200, 2),
  ('2531343012', 'Dirección 3', 300, 3),
  ('2531343012', 'Dirección 4', 400, 4),
  ('2531343012', 'Dirección 5', 500, 5),
  ('2531343012', 'Dirección 6', 600, 6),
  ('2531343012', 'Dirección 7', 700, 7),
  ('2531343012', 'Dirección 8', 800, 8),
  ('2531343012', 'Dirección 9', 900, 9),
  ( '2531343012', 'Dirección 10', 100, 10);

INSERT INTO "Horario" ( "hor_dia", "hor_hora_entrada", "hor_hora_salida")
VALUES
  ('Lunes', '2023-12-26 08:30:00', '2023-12-26 20:12:30' ),
  ('Jueves', '2023-12-27 08:30:00','2023-12-27 20:12:30' ),
  ('Martes', '2023-12-28 08:30:00','2023-12-28 20:12:30'  ),
  ('Martes', '2023-12-29 08:30:00','2023-12-29 20:12:30' ),
  ('Martes', '2023-12-1 08:30:00','2023-12-1 20:12:30' );
  
  
  INSERT INTO "Materia" ( "mat_nombre", "mat_descripcion")
VALUES
  ('Levadura', 'Microorganismo utilizado en la fermentación'),
  ('Melaza', 'Producto residual de la producción de azúcar'),
  ('Agua', 'Ingrediente esencial en la destilación'),
  ('Caña de Azúcar', 'Principal materia prima para la elaboración de ron'),
  ('Roble', 'Madera utilizada en el añejamiento'),
  ('Hojas de Plátano', 'Utilizadas en la maceración para dar sabor'),
  ('Jengibre', 'Especia utilizada para aromatizar'),
  ('Cáscara de Naranja', 'Utilizada para añadir notas cítricas'),
  ('Anís Estrellado', 'Aporta sabores anisados'),
  ( 'Vainilla', 'Utilizada para dar aroma y sabor característico');

INSERT INTO "Material" ( "mat_nombre", "mat_descripcion")
VALUES
  ('Acero Inoxidable', 'Material resistente a la corrosión utilizado en la producción'),
  ('Cobre', 'Metal utilizado en la destilación para mejorar la calidad del producto'),
  ('Plástico Alimentario', 'Material seguro para el contacto con alimentos'),
  ('Vidrio Templado', 'Material transparente y resistente utilizado en envases'),
  ('Madera de Roble', 'Material utilizado en barricas para el añejamiento del ron'),
  ('Acero Galvanizado', 'Material con recubrimiento de zinc para mayor durabilidad'),
  ('Cristal', 'Material utilizado en la fabricación de botellas y envases'),
  ('Aluminio', 'Metal ligero utilizado en la fabricación de tapas y cierres'),
  ('Plástico PET', 'Material ligero y reciclable comúnmente usado en envases'),
  ( 'Arcilla', 'Material natural utilizado en la fabricación de recipientes para fermentación');

INSERT INTO "Material_Botella" ( "mat_bot_peso", "fk_material", "fk_botella")
VALUES
  ( 500, 3, 1),
  ( 600, 7, 2),
  ( 550, 5, 3),
  ( 480, 9, 4),
  ( 520, 2, 5),
  ( 580, 1, 2);

INSERT INTO "Material_Tapa" ( "fk_material", "fk_tapa")
VALUES
  (3, 1),
  (7, 2),
  (5, 3),
  (9, 4),
  (2, 5),
  (1, 2);

INSERT INTO "Mi_Punto"(mi_pun_cantidad)
VALUES
  (25),
  (23),
  (13),
  (4),
  (15),
  (67);



INSERT INTO "Oferta" ( "ofe_valor", "ofe_fecha_inicio", "ofe_fecha_final")
VALUES
  (15, '2023-01-01', '2023-01-15'),
  (10, '2023-02-01', '2023-02-28'),
  (20, '2023-03-01', '2023-03-15'),
  (25, '2023-04-01', '2023-04-30'),
  (12, '2023-05-01', '2023-05-15'),
  (18, '2023-06-01', '2023-06-30'),
  (22, '2023-07-01', '2023-07-15'),
  (30, '2023-08-01', '2023-08-31'),
  (14, '2023-09-01', '2023-09-15'),
  (17, '2023-10-01', '2023-10-31');
  
  INSERT INTO "Permiso" ( "per_accion", "per_tabla")
VALUES
  ('Crear', 'Empleado'),
  ('Crear', 'Cliente_Natural'),
  ('Crear', 'Proveedor'),
  ('Crear', 'Producto'),
  ('Eliminar', 'Departamento'),
  ('Eliminar', 'Venta'),
  ('Eliminar', 'Empleado_Beneficio'),
  ('Consultar', 'Oferta'),
  ('Consultar', 'Efectivo'),
  ( 'Modificar', 'Evento');

INSERT INTO "Premio" ( "pre_nombre")
VALUES
  ('Mejor Ron del Año'),
  ('Premio a la Mezcla Excepcional'),
  ('Reconocimiento por Sabor Innovador'),
  ('Distinción por Envejecimiento Sobresaliente'),
  ('Premio a la Presentación de Botella'),
  ('Logro Destacado en Etiquetado'),
  ('Reconocimiento por Contribución a la Industria'),
  ('Mejor Ron Artesanal'),
  ('Premio al Diseño de Envase'),
  ( 'Distinción por Calidad y Tradición');


INSERT INTO "Proveedor" ("per_jur_rif", "per_jur_denominacion_comercial", "per_jur_razon_social", "per_jur_pagina_web", "per_jur_direccion_fiscal", "per_jur_direccion_fisica", "per_jur_capital")
VALUES
  ('J123456789', 'RonExquisito', 'Destilería Ron Exquisite C.A.', 'www.ronexquisite.com', 'Av. Principal, Ciudad Bolívar', 'Galpón 25, Zona Industrial', 500000),
  ('J987654321', 'Ron Pampero', 'Ron Pampero S.A.', 'www.pamperoo.com', 'Calle Rivas, Caracas', 'Oficina 10, Edificio Central', 800000),
  ('J567890123', 'Ron Cacique', 'Ron Cacique Internacional C.A.', 'www.roncaciquepremium.com', 'Avenida 5 de Julio, Maracaibo', 'Suite 301, Torre Empresarial', 700000),
  ('J012345678', 'Ron Roble', 'Ron Selecto Roble.', 'www.rrselecto.com', 'Carrera 15, Valencia', 'Piso 4, Edificio Ejecutivo', 600000),
  ('J012345679', 'Ron Carúpano', 'Ron Carúpano Ltda.', 'www.carupanoron.com', 'Carrera 15, Maracay', 'Piso 10, Torre Premium', 600000),
  ('J456789012', 'Ron Santa Teresa', 'Ron Santa Teresa Corp.', 'www.ronsantateresa.com', 'Autopista Libertador, Barquisimeto', 'Local 7, Centro Comercial', 550000);

INSERT INTO "Añejamiento" ("añe_descripcion", "añe_fecha_ini", "añe_fecha_final", "fk_añejamiento", "fk_destilacion")
VALUES
  ( 'Añejamiento Clásico', '2023-01-01 12:00:00', '2025-01-01 12:00:00', NULL, 2),
  ( 'Añejamiento Reserva', '2022-05-01 08:30:00', '2024-05-01 08:30:00', 1, 2),
  ( 'Añejamiento Especial', '2022-10-15 18:45:00', '2024-10-15 18:45:00', 2, 3),
  ( 'Añejamiento Premium', '2023-03-10 15:20:00', '2025-03-10 15:20:00', 3, 4),
  ( 'Añejamiento Reserva Familiar', '2022-12-01 10:00:00', '2024-12-01 10:00:00', 4, 5);

INSERT INTO "Producto" ( "pro_nombre", "pro_grados_alcohol", "pro_descripcion", "pro_tipo", "fk_añejamiento", "fk_proveedor", "fk_lugar", "fk_categoria", "fk_variedad")
VALUES
  ('Ron Reserva Especial', 40, 'Un ron añejo con sabor excepcional', 'Industrial', 1, 'J123456789', 101, 1, 1),
  ('Ron Premium Extra Añejo', 45, 'Exquisito ron premium con aromas intensos', 'Industrial', 2, 'J123456789', 102, 2, 2),
  ('Ron Dorado Clásico', 38, 'Clásico ron dorado para disfrutar en cualquier ocasión', 'Industrial', 3, 'J123456789', 103, 1, 3),
  ('Ron Blanco Suave', 35, 'Ron blanco suave con notas frescas y delicadas', 'Industrial', 2, 'J123456789', 104, 2, 4),
  ('Ron Añejo Reserva Familiar', 42, 'Ron añejo con carácter y suavidad incomparables', 'Industrial', 5, 'J123456789', 105, 4, 5);

INSERT INTO "Producto" ( "pro_nombre", "pro_grados_alcohol", "pro_descripcion", "pro_tipo", "fk_añejamiento", "fk_proveedor", "fk_lugar", "fk_categoria", "fk_variedad")
VALUES
  ('Ron Reserva Familiar', 43, 'Ron con carácter único y aroma excepcional', 'Agricola', 1, 'J123456789', 106, 5, 1),
  ('Ron Oscuro Intenso', 50, 'Ron oscuro con intensidad de sabores', 'Agricola', 2, 'J123456789', 107, 6, 2),
  ('Ron Ligero Premium', 37, 'Ron ligero y suave para paladares exigentes', 'Agricola', 3, 'J123456789', 108, 7, 3),
  ('Ron Reserva Especial 10 Años', 46, 'Ron añejo con 10 años de maduración', 'Agricola', 4, 'J123456789', 109, 7, 4),
  ( 'Ron Blanco Refrescante', 33, 'Ron blanco con notas refrescantes', 'Agricola', 5, 'J123456789', 110, 5, 5),
  ( 'Ron Premium Sutil', 48, 'Ron premium con sutileza y elegancia', 'Agricola', 5, 'J123456789', 111, 4, 5),
  ( 'Ron Dorado Especial', 39, 'Ron dorado con carácter especial', 'Agricola', 4,'J123456789', 112, 3, 4),
  ( 'Ron Añejo 8 Años', 44, 'Ron añejo con 8 años de añejamiento', 'Agricola', 3, 'J123456789', 113, 2, 3),
  ( 'Ron Ligero Tropical', 36, 'Ron ligero con toques tropicales', 'Agricola', 2, 'J123456789', 114, 2, 2),
  ( 'Ron Reserva Única', 47, 'Ron con mezcla única y reserva exclusiva', 'Agricola', 1, 'J123456789', 115, 1, 1),
  ( 'Pampero',40, 'Es un ron oscuro de color, sabor y aroma excepcionales, ampliamente reconocido como uno de los mejores rones del mundo.', 'Agricola' ,2, 'J987654321',4,1,2 ),
  ('Pampero',  20, 'Destilería La Miel, es uno de los rones más populares de Venezuela y es conocido por su sabor suave y equilibrado.', 'Industrial',  1, 'J987654321',11,2,3),
  ( 'Pampero',10,  'Es un ron de alta calidad que es perfecto para disfrutar de cualquier ocasión. Es un ron suave y equilibrado que se puede disfrutar solo o en cócteles.',  'Agricola', 5, 'J987654321' , 19,2,4),
  ( 'Pampero',50,  'Es un ron versátil que se puede disfrutar solo o en cócteles. Es un excelente ron para maridar con mariscos o con frutas tropicales',  'Industrial', 4, 'J987654321', 57, 3, 5),
  ( 'Cacique', 30, 'Tiene un color dorado brillante, un aroma suave y equilibrado, y un sabor suave y afrutado.', 'Industrial', 2, 'J567890123', 74,2,2),
  ( 'Roble',45, 'El aroma del Ron Roble Viejo Maestro es complejo y aromático. Se pueden apreciar notas de vainilla, caramelo, roble, frutos secos y frutas tropicales', 'Agricola', 3, 'J012345678', 94,3,3),
  ( 'Roble Viejo Extra Añejo', 25,  'El ron tiene un color dorado oscuro, un aroma complejo y aromático, y un sabor intenso y equilibrado.', 'Agricola', 4,'J012345678',96,1, 1),
  ( 'Roble Viejo Ultra Añejo', 20,  'El ron tiene un color ámbar oscuro, un aroma complejo y aromático, y un sabor rico y profundo.', 'Industrial', 5, 'J012345678', 105, 4, 5),
  ( 'Roble Viejo Zafra', 25,  'El ron tiene un color ámbar oscuro, un aroma complejo y aromático, y un sabor rico y profundo.', 'Industrial', 4, 'J012345678' , 201, 1, 5),
  ( 'Santa Teresa 1796', 35,  'Es un ron de alta calidad que ofrece una experiencia de sabor única. Es un ron perfecto para cualquier ocasión especial.', 'Agricola', 3, 'J456789012', 502, 5, 1),
  ( 'Santa Teresa Gran Reserva', 25,  'Tiene un color ámbar dorado, brillante y limpio. Tiene lágrimas gruesas que caen lentamente por el costado de la copa.', 'Industrial', 1, 'J456789012', 786, 5,1),
  ('Santa Teresa Linaje', 20,  'Es un ron de alta calidad que ofrece una experiencia de sabor única. Es un ron perfecto para cualquier ocasión especial.',  'Agricola', 2, 'J456789012', 524, 3,1),
  ( 'Santa Teresa Arakú', 45, 'Se pueden apreciar notas de vainilla, caramelo, roble, café, frutos secos, frutas tropicales y especias. El final es complejo y deja una sensación agradable en boca.', 'Industrial',2,'J456789012', 1436, 3,1),
  ( 'Carúpano Legendario', 30,  'Es rico y profundo. Se pueden apreciar notas de vainilla, caramelo, roble, frutos secos, frutas tropicales, especias y chocolate. El sabor es complejo y agradable, y deja un final largo y persistente.', 'Agricola' , 4, 'J012345679',753, 1, 5),
  ( 'Carúpano X.O', 25,  'Es un ron de alta calidad que ofrece una experiencia de sabor única. Es una excelente opción para aquellos que buscan un ron de alta calidad que sea rico y complejo', 'Industrial',5, 'J012345679' ,111, 5,1),
  ('Carúpano Reserve 1996', 30,  'Se envejece en barricas de roble americano que han sido tratadas con un proceso especial. Este proceso ayuda a desarrollar un sabor más intenso y complejo.', 'Agricola', 3, 'J012345679', 158, 1,3),
  ('Carúpano 21', 30,  'Es complejo y aromático. Se pueden apreciar notas de vainilla, caramelo, roble, frutos secos y frutas tropicales. ', 'Agricola', 3, 'J012345679', 158, 1,3),
  ('Cacique', 30,  'Suaves y excepcionalmente sabrosos, elaborados al pie de la selva tropical venezolana. En su producción participan los arroyos de agua dulce y la caña de azúcar venezolana. Destilado en los límites de la naturaleza salvaje del Parque Nacional Terepaima', 'Agricola', 3, 'J567890123', 158, 1,3),
  ( 'Roble', 40, 'Este grupo de inconformes se aventuró a buscar la fórmula perfecta, dedicándose a desarrollar un producto venezolano referencia de calidad internacional.', 'Industrial', 1, 'J012345678', 101, 1, 1);
  		



INSERT INTO "Producto_Color" ( "fk_producto", "fk_color")
VALUES
  ( 5, 1),
  ( 1, 2),
  ( 5, 3),
  ( 4, 4),
  ( 5, 5),
  ( 5, 5),
  ( 3, 4),
  ( 2, 3),
  ( 5, 2),
  ( 1, 1);

INSERT INTO "Producto_Materia" ("fk_producto", "fk_materia")
VALUES
  (5, 1),
  (1, 2),
  (5, 3),
  (4, 4),
  (5, 5),
  (5, 5),
  (3, 4),
  (2, 3),
  (5, 2),
  ( 1, 1);

INSERT INTO "Sabor" ( "sab_nombre", "sab_descripcion")
VALUES
    (1, 'Roble', 'Notas de roble ahumado y vainilla'),
  (2, 'Canela', 'Toques cálidos de canela especiada'),
  (3, 'Coco', 'Sabor tropical y cremoso de coco'),
  (4, 'Tabaco', 'Aromas terrosos y ricos como el tabaco'),
  (5, 'Jengibre', 'Picante y fresco sabor de jengibre'),
  (6, 'Pimienta Negra', 'Especias intensas de pimienta negra'),
  (7, 'Anís', 'Sabor distintivo de anís'),
  (8, 'Naranja', 'Dulce y cítrico sabor a naranja'),
  (9, 'Mango', 'Fragancia exótica y jugosa del mango'),
  (10, 'Madera Ahumada', 'Toques ahumados de madera robusta');
  ( 'Roble', 'Notas de roble ahumado y vainilla'),
  ( 'Canela', 'Toques cálidos de canela especiada'),
  ( 'Coco', 'Sabor tropical y cremoso de coco'),
  ( 'Tabaco', 'Aromas terrosos y ricos como el tabaco'),
  ( 'Jengibre', 'Picante y fresco sabor de jengibre'),
  ( 'Pimienta Negra', 'Especias intensas de pimienta negra'),
  ( 'Anís', 'Sabor distintivo de anís'),
  ( 'Naranja', 'Dulce y cítrico sabor a naranja'),
  ( 'Mango', 'Fragancia exótica y jugosa del mango'),
  ( 'Madera Ahumada', 'Toques ahumados de madera robusta');



INSERT INTO "Producto_Sabor" ( "fk_producto", "fk_sabor")
VALUES
  ( 5, 11),
  ( 1, 12),
  ( 5, 13),
  ( 4, 14),
  ( 5, 15),
  ( 5, 15),
  ( 3, 14),
  ( 2, 13),
  ( 5, 12),
  ( 1, 11);


INSERT INTO "Rol" ( "rol_nombre", "rol_descripcion")
VALUES
  ( 'Administrador', 'Rol con privilegios de administración'),
  ( 'Usuario', 'Rol estándar de usuario con acceso limitado'),
  ( 'Moderador', 'Rol con funciones de moderación'),
  ( 'Invitado', 'Rol para usuarios no autenticados'),
  ( 'Editor', 'Rol con permisos para editar contenido'),
  ( 'Analista', 'Rol especializado en análisis de datos'),
  ( 'Desarrollador', 'Rol con acceso a funciones de desarrollo'),
  ( 'Supervisor', 'Rol de supervisión de procesos'),
  ( 'Cliente', 'Rol asignado a clientes registrados'),
  ( 'Reportero', 'Rol para generar y revisar informes');

INSERT INTO "Rol_Permiso" ( "fk_rol", "fk_permiso")
VALUES
  (5, 1),
  (1, 2),
  (5, 3),
  (4, 4),
  (5, 5),
  (5, 5),
  (3, 4),
  (2, 3),
  (5, 2),
  ( 1, 1);
  
  
  INSERT INTO "Tarjeta" ( "tar_nombre", "tar_numero", "tar_CVV", "tar_fecha_vencimiento", "fk_cliente_juridico", "fk_cliente_natural_1", "fk_cliente_natural_2")
VALUES
  ('Tarjeta Visa', '4111111111111111', '123', '2023-12-01 00:00:00', 'J123456789', NULL, NULL),
  ('MasterCard', '5555555555554444', '456', '2024-06-01 00:00:00', 'J987654321', NULL, NULL),
  ('American Express', '378282246310005', '789', '2022-09-01 00:00:00', 'J568790123', NULL, NULL),
  ('Tarjeta Discover', '6011111111111117', '321', '2023-03-01 00:00:00', 'J234567890', NULL, NULL),
  ('Visa Electron', '4026000000000002', '987', '2024-02-01 00:00:00', 'J876543210', NULL, NULL),
  ('Maestro', '5018000000000009', '654', '2022-11-01 00:00:00', 'J345678901', NULL, NULL),
  ('JCB', '3530111333300000', '012', '2023-08-01 00:00:00', NULL, 1,'9876143'),
  ('Diners Club', '30569309025904', '789', '2024-04-01 00:00:00', NULL, 3,'5555535'),
  ('Tarjeta Santander', '4815162345678905', '567', '2022-10-01 00:00:00', NULL, 8,'9999989'),
  ( 'Tarjeta BBVA', '5105105105105100', '890', '2023-05-01 00:00:00',NULL, 10,'4441444');


INSERT INTO "Vacacion" ("vac_fecha_inicio", "vac_fecha_fin")
VALUES
  ('2023-07-01', '2023-07-10'),
  ('2023-08-15', '2023-08-30'),
  ('2023-12-20', '2024-01-05'),
  ('2024-04-01', '2024-04-10'),
  ('2024-06-15', '2024-06-30'),
  ('2024-10-05', '2024-10-15'),
  ('2025-02-15', '2025-02-28'),
  ('2025-05-01', '2025-05-10'),
  ('2025-08-01', '2025-08-15'),
  ( '2025-11-20', '2025-11-30');

INSERT INTO "Virtual" ( "aso_rif", "aso_pag_web")
VALUES
  ( '2531343012', 'www.localhost:8081/ASORON'),
  ( '2531343012', 'www.localhost:8082/ASORON'),
  ( '2531343012', 'www.localhost:8083/ASORON'),
  ( '2531343012', 'www.localhost:3000/ASORON'),
  ( '2531343012', 'www.localhost:3300/ASORON');

INSERT INTO "Compra" ( "com_fecha", "com_total", "fk_fisica", "fk_virtual")
VALUES 
    ('2023-01-01', 100.00, 1, 2),
    ('2023-02-15', 150.50, 2, 3),
    ('2023-03-20', 75.25, 3, 1),
    ('2023-04-10', 200.75, 4, 5),
    ('2023-05-05', 50.20, 5, 2),
    ('2023-06-12', 120.00, 5, 3),
    ('2023-07-08', 180.50, 4, 4);

INSERT INTO "Departamento" ("dep_nombre", "dep_descripcion", "fk_fisica", "fk_virtual")
VALUES
  ('Finanzas', 'Departamento de Finanzas', 1, 1),
  ('Recursos Humanos', 'Departamento de Recursos Humanos', 2, 2),
  ('Desarrollo', 'Departamento de Desarrollo', 3, 3),
  ('Ventas', 'Departamento de Ventas', 4, 4),
  ('Operaciones', 'Departamento de Operaciones', 5, 5),
  ('Marketing', 'Departamento de Marketing', 5, 5),
  ('Soporte Técnico', 'Departamento de Soporte Técnico', 4, 4),
  ('Producción', 'Departamento de Producción', 3, 3),
  ('Logística', 'Departamento de Logística', 2, 2),
  ( 'Investigación y Desarrollo', 'Departamento de I+D', 1, 1);
  
 INSERT INTO "Empleado_Departamento" ( "fk_empleado", "fk_empleado_2", "fk_departamento", "emp_dep_cargo", "emp_dep_fecha_inicio", "emp_dep_fecha_fin")
VALUES 
    (1, '1234567', 1, 'Gerente', '2023-01-01', NULL),
    (2, '7654321', 2, 'Analista', '2023-02-15', '2023-05-01'),
    (3, '9876543', 3, 'Desarrollador', '2023-03-20', NULL),
    (4, '1111111', 4, 'Diseñador', '2023-04-10', '2023-08-01'),
    (5, '2222222', 5, 'Consultor', '2023-05-05', NULL),
    (6, '9999999', 6, 'Ingeniero', '2023-06-12', '2023-11-01');

INSERT INTO "Empleado_Horario" ( "fk_empleado", "fk_empleado_2", "fk_horario")
VALUES 
    (1, '1234567', 1),
    (2, '7654321', 2),
    (3, '9876543', 3),
    (4, '1111111', 4),
    (5, '2222222', 5),
    (6, '9999999', 3);
  
INSERT INTO "Entrada" ( "ent_fecha_hora", "ent_precio", "fk_evento")
VALUES 
    ('2023-01-01 18:00:00', 20.00, 1),
    ('2023-02-15 19:30:00', 25.50, 2),
    ('2023-03-20 20:15:00', 15.25, 3),
    ('2023-04-10 17:45:00', 30.75, 4),
    ('2023-05-05 21:00:00', 10.20, 5),
    ('2023-06-12 18:30:00', 22.00, 6),
    ('2023-07-08 19:15:00', 18.50, 7);

INSERT INTO "Imagen" ( "ima_nombre", "ima_descripcion", "ima_url", "fk_producto")
VALUES 
    ('Imagen1', 'Descripción de la Imagen 1', 'https://revistaelconocedor.com/wp-content/uploads/2017/01/ron-1-1024x817.jpg', 1),
    ('Imagen2', 'Descripción de la Imagen 2', 'https://revistaelconocedor.com/wp-content/uploads/2017/01/ron-1-1024x817.jpg', 2),
    ('Imagen3', 'Descripción de la Imagen 3', 'https://revistaelconocedor.com/wp-content/uploads/2017/01/ron-1-1024x817.jpg', 3),
    ('Imagen4', 'Descripción de la Imagen 4', 'https://revistaelconocedor.com/wp-content/uploads/2017/01/ron-1-1024x817.jpg', 4),
    ('Imagen5', 'Descripción de la Imagen 5', 'https://revistaelconocedor.com/wp-content/uploads/2017/01/ron-1-1024x817.jpg', 5),
    ('Imagen6', 'Descripción de la Imagen 6', 'https://revistaelconocedor.com/wp-content/uploads/2017/01/ron-1-1024x817.jpg', 6),
    ('Imagen7', 'Descripción de la Imagen 7', 'https://revistaelconocedor.com/wp-content/uploads/2017/01/ron-1-1024x817.jpg', 7);


    -- Insertar dos presentaciones para cada producto
INSERT INTO "Presentacion" (pre_nombre, pre_descripcion, fk_caja, fk_producto, fk_material_tapa_1, fk_material_tapa_2, fk_material_tapa_3, fk_material_botella_1, fk_material_botella_2,fk_material_botella_3)
VALUES
    ('Botella Estándar 0,75ml', 'Presentación estándar en botella',1, 1,1,3,1,1,3,1),
    ('Botella Premium 1l', 'Presentación premium en botella',2, 3,1,3,1,1,3,1),
    ('Edición Especial 0,80ml', 'Presentación especial para coleccionistas', 1,7,1,3,1,1,3,1),
    ('Botella Grande 1,2l', 'Presentación en botella grande',3, 8,1,3,1,1,3,1),
    ('Edición Limitada 0,90l', 'Presentación de colección limitada',4, 0,1,3,1,1,3,1),
    ('Botella Pequeña 0,45l', 'Presentación en botella pequeña',1,  1,1,3,1,1,3,1);


INSERT INTO "Lugar_Persona" ( "Lug_per_tipo", "fk_lugar", "fk_cliente_juridico", "fk_proveedor")
VALUES
  ('Fisica', 700,'J123456789', NULL),
  ('Fisica', 200,'J987654321', NULL),
  ('Fisica', 300,'J568790123', NULL),
  ('Fiscal', 500,'J876543210', NULL),
  ('Fiscal', 600, 'J345678901', NULL);
  
INSERT INTO "Presentacion_Evento" ("pre_eve_cantidad", "pre_eve_precio_venta", "fk_presentacion", "fk_evento", "fk_premio")
VALUES 
    (10, 50.00, 1,1,2),
    (15, 30.25, 2,2,3),
    (20, 45.75, 3,3,4),
    (5, 20.50,  4,4,5),
    (8, 15.00,  5,5,5),
    (12, 27.80, 6,6,4),
    (18, 40.25, 6,7,1);

INSERT INTO "Nota_Cata" ("not_cat_descripcion", "fk_presentacion_evento_1","fk_presentacion_evento_2","fk_presentacion_evento_3")
VALUES
  ('Aromas frutales y cítricos',1,1,1),
  ('Toques de vainilla y caramelo',1,1,1),
  ('Final suave y persistente',1,1,1),
  ('Notas de roble y especias',2,2,2),
  ('Dulce con toques de miel',2,2,2),
  ('Cuerpo medio con notas de frutas secas',2,2,2),
  ('Toques de chocolate y café',3,3,3),
  ('Especiado con final largo',3,3,3),
  ('Equilibrio entre dulce y seco',4,4,4),
  ( 'Ahumado con toques de turba',4,4,4);
INSERT INTO "Presentacion_Oferta" ( "pre_ofe_valor", "fk_presentacion", "fk_oferta")
VALUES 
    (10, 1, 1),
    (15, 2, 2),
    (20, 3, 3),
    (5,  4, 4),
    (8,  5, 5),
    (12, 6, 4),
    (18, 6, 5);

INSERT INTO "Punto" ( "pun_valor", "pun_fecha_inicial", "pun_fecha_final", "fk_fisica", "fk_virtual")
VALUES 
    (50, '2023-01-01', '2023-01-15', 1, 1),
    (30, '2023-02-15', '2023-03-01', 2, 2),
    (45, '2023-03-20', '2023-04-05', 3, 3),
    (20, '2023-04-10', '2023-05-01', 4, 4),
    (15, '2023-05-05', '2023-05-20', 5, 5),
    (27, '2023-06-12', '2023-06-30', 5, 3),
    (40, '2023-07-08', '2023-07-25', 4, 1);


INSERT INTO "Compra_Presentacion" ( "com_prod_cantidad", "com_prod_precio_unitario", "fk_presentacion", "fk_producto")
VALUES 
    (10, 50.00,1, 1),
    (15, 30.25, 2, 2),
    (20, 45.75, 3, 3),
    (5, 20.50, 4, 4),
    (8, 15.00, 5, 5),
    (12, 27.80, 5,6),
    (18, 40.25, 1, 7);

INSERT INTO "Inventario_Fisico_Presentacion" ( "inv_fis_cantidad",  "inv_fis_precio", "fk_fisica", "fk_presentacion")
VALUES 
    (100, 50, 1, 1),
    (150, 30.25, 2, 2),
    (75, 45.75, 3,  3),
    (200, 20.50, 4, 4),
    (50, 15.00, 5,  5),
    (120, 27.80, 5, 6),
    (180, 40.25, 1, 6);



INSERT INTO "Inventario_Virtual_Presentacion" ("inv_vir_pre_cantidad", "inv_vir_precio", "fk_virtual", "fk_presentacion")
VALUES 
    (100, 50, 1, 2),
    (150, 30.25, 2, 3),
    (75, 45.75, 3, 2),
    (200, 20.50, 4, 5),
    (50, 15.00, 5, 3),
    (120,27.80, 5, 1),
    (180, 40.25, 1, 2);

INSERT INTO "Afiliado" ("afi_fecha_afiliacion", "afi_QR", "fk_fisica", "fk_virtual", "fk_cliente_natural", "fk_cliente_natural_2", "fk_estatus", "fk_cliente_juridico", "fk_proveedor")
VALUES 
    ('2023-01-01', 'J123456789', 1, 2, NULL, NULL, 4,'J123456789',NULL),
    ('2023-02-15', 'J987654321', 2, 3, NULL, NULL, 3,'J987654321',NULL),
	('2023-01-01', 'J568790123', 1, 2, NULL, NULL, 1, 'J568790123', NULL),
    ('2023-02-15', 'J234567890', 2, 3, NULL, NULL, 2, 'J234567890', NULL),
	('2023-02-15', 'J876543210', 2, 3, NULL, NULL, 2, 'J876543210', NULL),
	('2023-01-01', '9876143', 1, 2, 1, '9876143', 2, NULL, NULL),
	('2023-01-01', '5555535', 1, 2, 3, '5555535', 2, NULL, NULL),
	('2023-01-01', '9999989', 1, 2, 8, '9999989', 2, NULL, NULL),
    ('2023-02-15', '6666566', 2, 3, 5, '6666566', 1, NULL, NULL),
	('2023-01-01', '4441444', 1, 2, 10, '4441444', 2, NULL, NULL);
	


INSERT INTO "Usuario"( "usu_contraseña", "fk_rol",
					 "fk_cliente_juridico", "fk_proveedor",
					 "fk_cliente_natural_1", "fk_cliente_natural_2",
					 "fk_empleado_1", "fk_empleado_2")
VALUES
('123456', 1, NULL, NULL, NULL, NULL, 1, 1234567),
('123456', 2, NULL, NULL, NULL, NULL, 2, 7654321),
('123456', 3, NULL, NULL, NULL, NULL, 3, 9876543),
('123456', 4, NULL, NULL, NULL, NULL, 4, 1111111),
('123456', 5, NULL, NULL, NULL, NULL, 5, 2222222);


   